player,age,team,position,games,minutes_per_game,points_per_game,rebounds_per_game,assists_per_game,threes_attempted_per_game,usage_rate,true_shooting
A.J. Green,25,MIL,SG,73,22.7,7.4,2.4,1.5,5.0,12.6,0.621
Aaron Gordon,29,DEN,PF,51,28.4,14.7,4.8,3.2,3.4,19.0,0.65
Aaron Holiday,28,HOU,PG,62,12.8,5.5,1.3,1.3,2.9,16.8,0.594
Aaron Nesmith,25,IND,SF,45,24.9,12.0,4.0,1.2,4.3,17.4,0.653
Aaron Wiggins,26,OKC,SG,76,22.9,12.0,3.9,1.8,4.5,20.3,0.596
Adem Bona,21,PHI,C,58,15.6,5.8,4.2,0.5,0.0,14.3,0.714
Al Horford,38,BOS,C,60,27.7,9.0,6.2,2.1,5.2,13.8,0.563
Alec Burks,33,MIA,SG,49,17.6,7.3,2.5,1.1,4.2,16.5,0.608
Alex Caruso,30,OKC,SG,54,19.3,7.1,2.9,2.5,3.1,15.2,0.568
Alex Len,31,2 teams,C,46,8.3,1.6,2.1,0.8,0.2,10.3,0.525
Alex Sarr,19,WAS,C,67,27.1,13.0,6.5,2.4,5.1,23.5,0.482
Alperen Şengün,22,HOU,C,76,31.5,19.1,10.3,4.9,1.2,26.2,0.545
Amen Thompson,22,HOU,SF,69,32.2,14.1,8.2,3.8,1.3,17.5,0.602
Amir Coffey,27,LAC,SG,72,24.3,9.7,2.2,1.1,3.4,15.3,0.614
Andre Drummond,31,PHI,C,40,18.8,7.3,7.8,0.9,0.5,19.1,0.535
Andre Jackson Jr.,23,MIL,SG,67,14.6,3.4,2.7,1.2,1.1,11.9,0.554
Andrew Nembhard,25,IND,SG,65,28.9,10.0,3.3,5.0,2.7,16.3,0.545
Andrew Wiggins,29,2 teams,SF,60,30.7,18.0,4.5,2.6,5.8,24.5,0.566
Anfernee Simons,25,POR,SG,70,32.7,19.3,2.7,4.8,8.5,24.6,0.557
Anthony Black,21,ORL,PG,78,24.2,9.4,2.9,3.1,2.5,19.6,0.521
Anthony Davis,31,2 teams,C,51,33.5,24.7,11.6,3.5,2.4,30.4,0.588
Anthony Edwards,23,MIN,SG,79,36.3,27.6,5.7,4.5,10.3,31.4,0.595
Anthony Gill,32,WAS,PF,51,7.8,2.5,1.3,0.3,0.6,12.7,0.586
Antonio Reeves,24,NOP,SG,44,15.0,6.9,1.4,0.9,2.9,18.8,0.579
Ausar Thompson,22,DET,SF,59,22.5,10.1,5.1,2.3,0.8,19.1,0.568
Austin Reaves,26,LAL,SG,73,34.9,20.2,4.5,5.8,7.3,23.7,0.616
Ayo Dosunmu,25,CHI,SG,46,30.3,12.3,3.5,4.5,4.1,16.6,0.585
Bam Adebayo,27,MIA,C,78,34.3,18.1,9.6,4.3,2.8,23.5,0.561
Ben Sheppard,23,IND,SG,63,19.5,5.3,2.8,1.3,3.2,11.3,0.555
Ben Simmons,28,2 teams,PG,51,22.0,5.0,4.7,5.6,0.0,13.2,0.539
Bennedict Mathurin,22,IND,SF,72,29.8,16.1,5.3,1.9,4.0,22.8,0.579
Bilal Coulibaly,20,WAS,SF,59,33.0,12.3,5.0,3.4,3.8,17.9,0.515
Blake Wesley,21,SAS,SG,58,11.8,3.7,1.1,2.0,1.0,16.7,0.51
Bobby Portis,29,MIL,PF,49,25.4,13.9,8.4,2.1,3.6,24.1,0.542
Bogdan Bogdanović,32,2 teams,SG,54,25.0,10.8,2.9,2.7,5.4,18.7,0.559
Bradley Beal,31,PHO,SG,53,32.1,17.0,3.3,3.7,5.0,22.1,0.598
Brandin Podziemski,21,GSW,SG,64,26.8,11.7,5.1,3.4,4.8,18.3,0.557
Brandon Boston Jr.,23,NOP,SG,42,23.6,10.7,3.2,2.2,3.3,20.0,0.535
Brandon Clarke,28,MEM,PF,64,18.9,8.3,5.1,1.0,0.3,15.3,0.638
Brice Sensabaugh,21,UTA,SF,71,20.2,10.9,3.0,1.5,5.2,21.5,0.612
Brook Lopez,36,MIL,C,80,31.8,13.0,5.0,1.8,4.7,15.8,0.624
Bruce Brown,28,2 teams,PG,41,22.5,8.3,4.0,2.0,2.0,17.2,0.504
Bub Carrington,19,WAS,PG,82,30.0,9.8,4.2,4.4,5.0,15.8,0.514
Buddy Hield,32,GSW,SG,82,22.7,11.1,3.2,1.6,6.7,20.5,0.56
CJ McCollum,33,NOP,PG,56,32.7,21.1,3.8,4.1,8.2,27.2,0.55
Cade Cunningham,23,DET,PG,70,35.0,26.1,6.1,9.1,6.0,33.2,0.565
Caleb Houstan,22,ORL,SF,58,13.6,4.1,1.3,0.6,2.8,11.7,0.605
Caleb Martin,29,2 teams,SF,45,27.1,7.9,3.9,2.1,2.3,14.4,0.513
Cam Whitmore,20,HOU,SF,51,16.2,9.4,3.0,1.0,3.6,23.9,0.549
Cameron Johnson,28,BRK,PF,57,31.6,18.8,4.3,3.4,7.2,22.9,0.632
Cameron Payne,30,NYK,PG,72,15.1,6.9,1.4,2.8,3.6,20.8,0.532
Caris LeVert,30,2 teams,SG,64,24.9,12.1,3.2,3.4,4.4,19.4,0.582
Cason Wallace,21,OKC,SG,68,27.6,8.4,3.4,2.5,3.1,12.8,0.562
Chris Boucher,32,TOR,PF,50,17.2,10.0,4.5,0.7,3.9,21.2,0.615
Chris Paul,39,SAS,PG,82,28.0,8.8,3.6,7.4,4.5,14.0,0.58
Christian Braun,23,DEN,SG,79,33.9,15.4,5.2,2.6,2.8,15.8,0.665
Clint Capela,30,ATL,C,55,21.4,8.9,8.5,1.1,0.0,16.7,0.564
Coby White,24,CHI,SG,74,33.1,20.4,3.7,4.5,7.9,24.4,0.601
Cody Martin,29,2 teams,SF,53,22.1,6.8,4.2,2.0,2.8,14.7,0.509
Cody Williams,20,UTA,SG,50,21.2,4.6,2.3,1.2,2.7,12.5,0.419
Cole Anthony,24,ORL,PG,67,18.4,9.4,3.0,2.9,3.3,24.6,0.531
Collin Sexton,26,UTA,SG,63,27.9,18.4,2.7,4.2,4.3,27.0,0.593
Corey Kispert,25,WAS,SF,61,26.3,11.6,3.0,1.7,5.4,17.5,0.584
Cory Joseph,33,ORL,PG,50,12.2,3.5,1.5,1.4,2.1,12.8,0.547
Craig Porter Jr.,24,CLE,PG,51,10.1,3.7,1.3,1.4,0.9,15.9,0.61
D'Angelo Russell,28,2 teams,PG,58,25.5,12.6,2.8,5.1,6.2,24.0,0.522
DaQuan Jeffries,27,CHO,SG,47,22.8,6.7,2.9,1.1,3.5,13.5,0.518
Dalano Banton,25,POR,PG,67,16.7,8.3,2.0,2.4,3.3,24.1,0.497
Dalen Terry,22,CHI,SG,73,13.5,4.5,1.7,1.3,1.4,14.9,0.546
Dalton Knecht,23,LAL,SF,78,19.2,9.1,2.8,0.8,4.4,18.5,0.594
Damian Lillard,34,MIL,PG,58,36.1,24.9,4.7,7.1,9.0,27.8,0.621
Daniel Gafford,26,DAL,C,57,21.5,12.3,6.8,1.4,0.0,19.5,0.716
Darius Garland,25,CLE,PG,75,30.7,20.6,2.9,6.7,7.1,27.2,0.6
Davion Mitchell,26,2 teams,PG,74,27.4,7.9,2.3,4.9,2.9,13.6,0.573
Day'Ron Sharpe,23,BRK,C,50,18.2,7.9,6.6,1.8,0.9,19.9,0.568
De'Aaron Fox,27,2 teams,PG,62,36.1,23.5,4.8,6.3,6.1,28.3,0.56
De'Andre Hunter,27,2 teams,SF,64,27.2,17.0,4.0,1.4,6.1,22.8,0.623
DeAndre Jordan,36,DEN,C,56,12.3,3.7,5.1,0.9,0.0,12.8,0.621
DeMar DeRozan,35,SAC,SF,77,35.9,22.2,3.9,4.4,3.3,25.0,0.569
Dean Wade,28,CLE,PF,59,21.2,5.4,4.2,1.3,3.8,10.4,0.563
Deandre Ayton,26,POR,C,40,30.2,14.4,10.2,1.6,0.8,19.4,0.583
Delon Wright,32,2 teams,PG,40,15.9,3.1,1.7,1.9,1.8,11.3,0.44
Deni Avdija,24,POR,SF,72,30.0,16.9,7.3,3.9,4.8,23.2,0.605
Dennis Schröder,31,3 teams,PG,75,28.1,13.1,2.6,5.4,4.9,21.6,0.531
Derrick Jones Jr.,27,LAC,SF,77,24.3,10.1,3.4,0.8,2.8,16.5,0.609
Derrick White,30,BOS,SG,76,33.9,16.4,4.5,4.8,9.1,19.8,0.606
Desmond Bane,26,MEM,SG,69,32.0,19.2,6.1,5.3,6.1,23.3,0.6
Devin Booker,28,PHO,SG,75,37.3,25.6,4.1,7.1,7.3,29.3,0.589
Devin Vassell,24,SAS,SG,64,31.0,16.3,4.0,2.9,6.7,22.1,0.553
Dillon Brooks,29,HOU,SF,75,31.8,14.0,3.7,1.7,6.3,17.7,0.555
Dillon Jones,23,OKC,SF,54,10.2,2.5,2.2,1.1,1.2,13.3,0.464
Domantas Sabonis,28,SAC,C,70,34.7,19.1,13.9,6.0,2.2,21.6,0.655
Donovan Clingan,20,POR,C,67,19.8,6.5,7.9,1.1,0.7,14.2,0.574
Donovan Mitchell,28,CLE,SG,71,31.4,24.0,4.5,5.0,8.9,30.9,0.575
Donte DiVincenzo,28,MIN,SG,62,25.9,11.7,3.7,3.6,7.1,19.4,0.582
Dorian Finney-Smith,31,2 teams,PF,63,28.9,8.7,3.9,1.4,5.0,12.3,0.604
Doug McDermott,33,SAC,SF,42,8.1,3.5,0.5,0.2,2.4,15.7,0.617
Draymond Green,34,GSW,PF,68,29.2,9.0,6.1,5.6,3.6,15.9,0.534
Drew Eubanks,27,2 teams,C,61,12.2,4.6,3.7,0.9,0.1,15.1,0.622
Duncan Robinson,30,MIA,SF,74,24.1,11.0,2.3,2.4,6.5,19.2,0.595
Duop Reath,28,POR,C,46,10.2,4.2,2.0,0.6,2.3,17.0,0.552
Dwight Powell,33,DAL,C,55,10.0,2.1,2.1,1.0,0.1,7.6,0.713
Dyson Daniels,21,ATL,SG,76,33.8,14.1,5.9,4.4,3.1,18.2,0.545
Evan Mobley,23,CLE,PF,71,30.5,18.5,9.3,3.2,3.2,23.2,0.633
Franz Wagner,23,ORL,SF,60,33.7,24.2,5.7,4.7,5.9,31.0,0.558
Fred VanVleet,30,HOU,PG,60,35.2,14.1,3.7,5.6,7.7,17.7,0.515
Gabe Vincent,28,LAL,PG,72,21.2,6.4,1.3,1.4,4.3,13.5,0.536
Garrison Mathews,28,ATL,SG,47,17.7,7.5,1.9,1.3,4.6,15.9,0.606
Gary Harris,30,ORL,SG,48,14.8,3.0,1.3,0.6,2.1,9.5,0.524
Gary Payton II,32,GSW,SG,62,15.0,6.5,3.0,1.3,1.5,16.1,0.635
Gary Trent Jr.,26,MIL,SG,74,25.6,11.1,2.3,1.2,5.9,17.1,0.591
Georges Niang,31,2 teams,PF,79,21.5,9.9,3.4,1.4,5.2,17.9,0.607
Giannis Antetokounmpo,30,MIL,PF,67,34.2,30.4,11.9,6.5,0.9,35.2,0.625
Goga Bitadze,25,ORL,C,70,20.4,7.2,6.6,2.0,0.4,14.3,0.631
Gradey Dick,21,TOR,SG,54,29.4,14.4,3.6,1.8,6.0,21.0,0.543
Grayson Allen,29,PHO,SG,64,24.1,10.6,3.0,2.1,5.5,17.6,0.631
Guerschon Yabusele,29,PHI,C,70,27.1,11.0,5.6,2.1,3.9,16.3,0.616
Gui Santos,22,GSW,PF,56,13.6,4.1,3.1,1.4,1.8,13.2,0.575
Harrison Barnes,32,SAS,PF,82,27.2,12.3,3.8,1.7,4.4,15.7,0.656
Haywood Highsmith,28,MIA,SF,74,24.6,6.5,3.4,1.5,3.1,11.3,0.583
Hunter Tyson,24,DEN,PF,51,7.8,2.6,1.5,0.4,1.5,15.5,0.506
Isaac Jones,24,SAC,PF,40,7.6,3.4,1.4,0.3,0.2,16.3,0.678
Isaac Okoro,24,CLE,SG,55,19.1,6.1,2.4,1.2,2.7,12.5,0.587
Isaiah Collier,20,UTA,PG,71,25.9,8.7,3.3,6.3,2.4,18.9,0.494
Isaiah Hartenstein,26,OKC,C,57,27.9,11.2,10.7,3.8,0.3,16.7,0.599
Isaiah Joe,25,OKC,SG,74,21.7,10.2,2.6,1.6,6.3,17.2,0.617
Isaiah Stewart,23,DET,C,72,19.9,6.0,5.5,1.7,0.7,12.4,0.616
Ivica Zubac,27,LAC,C,80,32.8,16.8,12.6,2.7,0.0,19.5,0.641
Ja Morant,25,MEM,PG,50,30.4,23.2,4.1,7.3,5.7,32.2,0.563
Ja'Kobe Walter,20,TOR,SG,52,21.2,8.6,3.1,1.6,3.6,18.2,0.523
Jabari Smith Jr.,21,HOU,PF,57,30.1,12.2,7.0,1.1,4.9,16.4,0.562
Jabari Walker,22,POR,PF,60,12.5,5.2,3.5,0.6,1.2,16.3,0.601
Jaden Hardy,22,DAL,SG,57,15.9,8.7,1.6,1.4,3.5,25.3,0.549
Jaden McDaniels,24,MIN,PF,82,31.9,12.2,5.7,2.0,3.7,16.3,0.562
Jaden Springer,22,2 teams,PG,43,8.5,2.5,1.3,0.8,1.1,14.3,0.511
Jae'Sean Tate,29,HOU,SF,52,11.3,3.6,2.3,0.9,0.9,13.3,0.557
Jaime Jaquez Jr.,23,MIA,SF,66,20.7,8.6,4.4,2.5,1.8,20.2,0.543
Jake LaRavia,23,2 teams,PF,66,20.4,6.9,3.9,2.4,2.2,14.4,0.591
Jakob Poeltl,29,TOR,C,57,29.6,14.5,9.6,2.8,0.1,18.7,0.641
Jalen Brunson,28,NYK,PG,65,35.4,26.0,2.9,7.3,6.1,29.5,0.605
Jalen Duren,21,DET,C,78,26.1,11.8,10.3,2.7,0.0,16.4,0.703
Jalen Green,22,HOU,SG,82,32.9,21.0,4.6,3.4,8.1,27.3,0.544
Jalen Pickett,25,DEN,SG,49,13.6,4.1,1.4,2.2,2.1,13.2,0.545
Jalen Smith,24,CHI,C,64,15.0,8.2,5.6,1.0,3.5,21.0,0.586
Jalen Williams,23,OKC,SG,69,32.4,21.6,5.3,5.1,4.9,27.5,0.573
Jalen Wilson,24,BRK,PF,79,25.7,9.5,3.4,1.8,4.6,16.6,0.541
Jamal Murray,27,DEN,PG,67,36.1,21.4,3.9,6.0,5.9,24.0,0.584
Jamal Shead,22,TOR,PG,75,19.6,7.1,1.5,4.2,3.0,18.6,0.499
James Harden,35,LAC,PG,79,35.3,22.8,5.8,8.7,8.5,29.6,0.582
Jamison Battle,23,TOR,SF,59,17.7,7.1,2.7,0.9,4.4,15.3,0.59
Jarace Walker,21,IND,PF,75,15.8,6.1,3.1,1.5,2.5,17.1,0.59
Jared Butler,24,2 teams,SG,60,17.4,9.0,1.8,3.7,2.8,23.6,0.549
Jaren Jackson Jr.,25,MEM,C,74,29.8,22.2,5.6,2.0,5.3,28.1,0.591
Jarrett Allen,26,CLE,C,82,28.0,13.5,9.7,1.9,0.1,15.9,0.724
Javonte Green,31,2 teams,SG,68,18.5,5.1,3.2,0.8,2.1,11.8,0.541
Jaxson Hayes,24,LAL,C,56,19.5,6.8,4.8,1.0,0.1,12.4,0.72
Jay Huff,26,MEM,C,64,11.7,6.9,2.0,0.6,3.1,19.6,0.666
Jaylen Brown,28,BOS,SF,63,34.3,22.2,5.8,4.5,5.7,28.9,0.555
Jaylen Clark,23,MIN,SG,40,13.1,4.1,1.3,0.7,1.3,12.0,0.598
Jaylen Wells,21,MEM,SG,79,25.9,10.4,3.4,1.7,5.0,15.9,0.56
Jaylin Williams,22,OKC,PF,47,16.7,5.9,5.6,2.6,3.3,14.6,0.594
Jaylon Tyson,22,CLE,SG,47,9.6,3.6,2.0,0.9,1.2,17.4,0.523
Jayson Tatum,26,BOS,PF,72,36.4,26.8,8.7,6.0,10.1,31.2,0.582
Jeff Dowtin Jr.,27,PHI,PG,41,15.1,7.0,1.5,1.9,1.7,18.6,0.57
Jerami Grant,30,POR,PF,47,32.4,14.4,3.5,2.1,6.3,19.4,0.523
Jeremiah Robinson-Earl,24,NOP,PF,66,18.8,6.3,4.8,1.3,2.5,14.4,0.563
Jeremy Sochan,21,SAS,PF,54,25.3,11.4,6.5,2.4,1.7,19.0,0.589
Jericho Sims,26,2 teams,C,53,11.9,1.8,3.7,0.6,0.0,7.6,0.639
Jett Howard,21,ORL,SF,60,11.7,4.5,1.2,0.7,3.1,19.2,0.491
Jimmy Butler,35,2 teams,SF,55,31.7,17.5,5.4,5.4,1.9,20.8,0.626
Jock Landale,29,HOU,C,42,11.9,4.8,3.3,0.9,0.6,15.7,0.59
John Collins,27,UTA,PF,40,30.5,19.0,8.2,2.0,3.7,24.2,0.628
John Konchar,28,MEM,SG,46,12.1,2.4,3.3,0.9,1.3,8.0,0.592
Johnny Furphy,20,IND,SG,50,7.6,2.1,1.4,0.4,1.0,13.0,0.506
Johnny Juzang,23,UTA,SG,64,19.8,8.9,2.9,1.1,4.9,17.6,0.573
Jonas Valančiūnas,32,2 teams,C,81,18.8,10.4,7.7,2.0,0.5,22.8,0.602
Jonathan Isaac,27,ORL,PF,71,15.4,5.4,4.4,0.6,2.1,16.2,0.512
Jonathan Kuminga,22,GSW,PF,47,24.3,15.3,4.6,2.2,3.2,27.4,0.535
Jonathan Mogbo,23,TOR,PF,63,20.4,6.2,4.9,2.3,1.1,15.0,0.496
Jordan Hawkins,22,NOP,SG,56,23.6,10.8,2.8,1.2,5.9,21.0,0.504
Jordan McLaughlin,28,2 teams,PG,46,6.8,2.1,0.7,1.1,1.0,13.3,0.6
Jordan Poole,25,WAS,SG,68,29.4,20.5,3.0,4.5,9.1,29.0,0.591
Jordan Walsh,20,BOS,PF,52,7.8,1.6,1.3,0.4,1.1,11.5,0.464
Jose Alvarado,26,NOP,PG,56,24.4,10.3,2.4,4.6,5.5,19.8,0.523
Josh Giddey,22,CHI,PG,70,30.2,14.6,8.1,7.2,4.0,21.7,0.57
Josh Green,24,CHO,SG,68,27.8,7.4,2.5,1.6,3.6,11.8,0.559
Josh Hart,29,NYK,SG,77,37.6,13.6,9.6,5.9,3.3,15.3,0.611
Josh Minott,22,MIN,SF,46,6.0,2.6,1.0,0.4,0.9,17.2,0.605
Josh Okogie,26,2 teams,SG,40,15.6,7.1,2.8,0.8,2.3,19.5,0.567
Jrue Holiday,34,BOS,PG,62,30.6,11.1,4.3,3.9,4.9,15.8,0.565
Julian Champagnie,23,SAS,SF,82,23.6,9.9,3.9,1.4,5.9,17.2,0.577
Julian Phillips,21,CHI,SF,79,14.2,4.6,2.1,0.5,1.9,12.9,0.571
Julian Strawther,22,DEN,SG,65,21.3,9.0,2.2,1.3,4.1,17.8,0.559
Julius Randle,30,MIN,PF,69,32.3,18.7,7.1,4.7,4.6,25.0,0.593
Justin Champagnie,23,WAS,SF,62,21.6,8.8,5.7,1.0,3.1,15.6,0.614
Justin Edwards,21,PHI,SF,44,26.3,10.1,3.4,1.6,4.3,16.9,0.559
Jusuf Nurkić,30,2 teams,C,51,20.8,8.9,7.8,2.3,2.1,20.6,0.555
KJ Martin,24,2 teams,PF,43,21.2,6.4,2.9,1.1,1.3,11.5,0.618
Kai Jones,24,2 teams,C,40,11.7,5.0,3.1,0.6,0.1,13.0,0.804
Karl-Anthony Towns,29,NYK,C,72,35.0,24.4,12.8,3.1,4.7,27.4,0.63
Karlo Matković,23,NOP,PF,42,18.8,7.7,5.0,1.1,1.6,15.9,0.639
Keegan Murray,24,SAC,PF,76,34.3,12.4,6.7,1.4,5.9,15.0,0.553
Kel'el Ware,20,MIA,C,64,22.2,9.3,7.4,0.9,1.7,17.2,0.603
Keldon Johnson,25,SAS,SF,77,23.9,12.7,4.8,1.6,3.6,21.6,0.572
Kelly Olynyk,33,2 teams,C,44,20.3,8.7,4.7,2.9,1.8,18.5,0.609
Kelly Oubre Jr.,29,PHI,SF,60,34.6,15.1,6.1,1.8,4.0,18.9,0.551
Kenrich Williams,30,OKC,PF,69,16.4,6.3,3.5,1.4,2.5,15.4,0.587
Kentavious Caldwell-Pope,31,ORL,SG,77,29.6,8.7,2.2,1.8,4.3,12.4,0.574
Keon Ellis,25,SAC,SG,80,24.4,8.3,2.7,1.5,4.0,12.7,0.664
Keon Johnson,22,BRK,SG,79,24.4,10.6,3.8,2.2,5.1,21.7,0.499
Kessler Edwards,24,DAL,SF,40,15.2,4.2,2.9,1.1,1.4,11.1,0.597
Kevin Durant,36,PHO,PF,62,36.5,26.6,6.0,4.2,6.0,28.7,0.642
Kevin Huerter,26,2 teams,SG,69,24.3,9.9,3.0,2.3,5.7,17.5,0.544
Kevin Porter Jr.,24,2 teams,SG,75,19.8,10.3,3.7,3.4,2.4,25.4,0.531
Kevon Looney,28,GSW,C,76,15.0,4.5,6.1,1.6,0.1,13.3,0.535
Keyonte George,21,UTA,PG,67,31.5,16.8,3.8,5.6,7.6,24.3,0.539
Klay Thompson,34,DAL,SF,72,27.3,14.0,3.4,2.0,7.7,21.8,0.552
Kobe Brown,25,LAC,PF,40,6.8,1.9,1.6,0.6,0.7,14.0,0.513
Kris Dunn,30,LAC,PG,74,24.1,6.4,3.4,2.8,3.0,12.7,0.531
Kris Murray,24,POR,SF,69,15.1,4.2,2.6,1.0,1.7,13.9,0.472
Kristaps Porziņģis,29,BOS,C,42,28.8,19.5,6.8,2.1,6.0,25.9,0.618
Kyle Anderson,31,2 teams,PF,61,16.4,5.9,3.4,2.4,1.1,15.9,0.538
Kyle Filipowski,21,UTA,C,72,21.1,9.6,6.1,1.9,3.1,18.7,0.594
Kyle Kuzma,29,2 teams,PF,65,29.8,14.8,5.7,2.3,4.8,24.0,0.514
Kyrie Irving,32,DAL,SG,50,36.1,24.7,4.8,4.6,7.2,27.4,0.594
Kyshawn George,21,WAS,SG,68,26.5,8.7,4.2,2.5,5.2,15.9,0.503
LaMelo Ball,23,CHO,PG,47,32.0,25.2,4.9,7.4,11.2,35.9,0.536
Landry Shamet,27,NYK,SG,50,15.2,5.7,1.2,0.5,3.1,14.8,0.601
Lauri Markkanen,27,UTA,PF,47,31.4,19.0,5.9,1.5,8.5,24.0,0.571
LeBron James,40,LAL,SF,70,34.9,24.4,7.8,8.2,5.7,30.1,0.604
Lindy Waters III,27,2 teams,SG,52,15.0,4.9,2.1,1.0,3.6,14.8,0.504
Luguentz Dort,25,OKC,SF,71,29.2,10.1,4.1,1.6,5.8,13.6,0.586
Luka Dončić,25,2 teams,PG,50,35.4,28.2,8.2,7.7,9.6,33.9,0.587
Luke Kennard,28,MEM,SG,65,22.6,8.9,2.8,3.3,4.0,14.5,0.631
Luke Kornet,29,BOS,C,73,18.6,6.0,5.3,1.6,0.0,11.4,0.683
Malaki Branham,21,SAS,SG,47,9.1,5.0,1.1,0.8,1.8,23.8,0.575
Malik Beasley,28,DET,SG,82,27.8,16.3,2.6,1.7,9.3,22.5,0.59
Malik Monk,26,SAC,SG,65,31.6,17.2,3.8,5.6,6.6,24.6,0.549
Marcus Sasser,24,DET,PG,57,14.2,6.6,1.2,2.3,2.7,19.4,0.589
Mark Williams,23,CHO,C,44,26.6,15.3,10.2,2.5,0.1,21.4,0.647
Mason Plumlee,34,PHO,C,74,17.6,4.5,6.1,1.8,0.1,10.8,0.645
Matas Buzelis,20,CHI,SF,80,18.9,8.6,3.5,1.0,3.3,18.7,0.571
Max Christie,21,2 teams,SG,78,27.3,9.6,3.3,1.9,4.0,15.2,0.57
Max Strus,28,CLE,SF,50,25.5,9.4,4.3,3.2,5.9,14.7,0.607
Michael Porter Jr.,26,DEN,SF,77,33.7,18.2,7.0,2.1,6.4,20.2,0.617
Mikal Bridges,28,NYK,SF,82,37.0,17.6,3.2,3.7,5.6,19.6,0.585
Mike Conley,37,MIN,PG,71,24.7,8.2,2.6,4.5,4.4,14.4,0.573
Miles Bridges,26,CHO,PF,64,31.7,20.3,7.5,3.9,7.0,28.0,0.541
Miles McBride,24,NYK,SG,64,24.9,9.5,2.5,2.9,4.9,16.8,0.531
Monte Morris,29,PHO,PG,45,12.7,5.2,1.5,1.6,1.9,18.1,0.546
Moses Moody,22,GSW,SG,74,22.3,9.8,2.6,1.3,4.6,17.4,0.578
Moussa Diabaté,23,CHO,C,71,17.5,5.7,6.2,0.8,0.1,13.4,0.609
Myles Turner,28,IND,C,72,30.2,15.6,6.5,1.5,5.5,20.7,0.612
Naji Marshall,27,DAL,SF,69,27.8,13.2,4.8,3.0,3.2,20.0,0.584
Naz Reid,25,MIN,C,80,27.5,14.2,6.0,2.3,5.8,21.5,0.577
Neemias Queta,25,BOS,C,62,13.9,5.0,3.8,0.7,0.0,13.7,0.674
Nic Claxton,25,BRK,C,70,26.9,10.3,7.4,2.2,0.3,16.8,0.569
Nick Richards,27,2 teams,C,57,22.0,9.3,8.2,0.9,0.0,17.3,0.634
Nick Smith Jr.,20,CHO,SG,60,22.8,9.9,2.1,2.4,5.1,20.8,0.502
Nickeil Alexander-Walker,26,MIN,SG,82,25.3,9.4,3.2,2.7,4.5,16.0,0.579
Nicolas Batum,36,LAC,PF,78,17.5,4.0,2.8,1.1,2.6,9.0,0.633
Nikola Jokić,29,DEN,C,70,36.7,29.6,12.7,10.2,4.7,29.5,0.663
Nikola Jović,21,MIA,PF,46,25.1,10.7,3.9,2.8,4.6,18.3,0.595
Nikola Vučević,34,CHI,C,73,31.2,18.5,10.1,3.5,4.4,22.4,0.611
Noah Clowney,20,BRK,PF,46,22.7,9.1,3.9,0.9,5.7,19.0,0.516
Norman Powell,31,LAC,SG,60,32.6,21.8,3.2,2.1,7.1,26.1,0.615
OG Anunoby,27,NYK,PF,74,36.6,18.0,4.8,2.2,6.2,19.7,0.591
Obi Toppin,26,IND,PF,79,19.6,10.5,4.0,1.6,3.8,20.1,0.642
Ochai Agbaji,24,TOR,SG,64,27.2,10.4,3.8,1.5,4.0,14.6,0.601
Olivier-Maxence Prosper,22,DAL,PF,52,11.2,3.9,2.4,0.8,1.0,16.3,0.484
Onyeka Okongwu,24,ATL,C,74,27.9,13.4,8.9,2.3,2.0,17.3,0.634
Orlando Robinson,24,2 teams,C,44,17.5,6.9,5.0,1.8,1.2,18.5,0.519
Oso Ighodaro,22,PHO,PF,61,17.1,4.2,3.6,1.2,0.0,10.5,0.61
P.J. Washington,26,DAL,PF,57,32.2,14.7,7.8,2.3,4.2,20.4,0.556
Paolo Banchero,22,ORL,PF,46,34.4,25.9,7.5,4.8,5.9,33.6,0.551
Pascal Siakam,30,IND,PF,78,32.7,20.2,6.9,3.4,4.2,24.2,0.599
Pat Connaughton,32,MIL,SG,41,14.7,5.3,2.7,1.7,2.0,15.6,0.567
Patrick Williams,23,CHI,PF,63,25.0,9.0,3.8,2.0,4.3,16.9,0.512
Paul George,34,PHI,PF,41,32.5,16.2,5.3,4.3,6.5,23.5,0.543
Paul Reed,25,DET,C,45,9.7,4.1,2.7,1.0,0.6,18.0,0.573
Payton Pritchard,27,BOS,PG,80,28.4,14.3,3.8,3.5,7.8,19.0,0.633
Pelle Larsson,23,MIA,SG,55,14.2,4.6,1.7,1.2,1.7,14.4,0.546
Peyton Watson,22,DEN,SF,68,24.4,8.1,3.4,1.4,2.0,13.9,0.564
Precious Achiuwa,25,NYK,C,57,20.5,6.6,5.6,1.0,0.6,14.9,0.53
Quentin Grimes,24,2 teams,SG,75,26.8,14.6,4.3,3.0,5.6,22.8,0.595
Quinten Post,24,GSW,PF,42,16.3,8.1,3.5,1.3,4.3,19.6,0.595
RJ Barrett,24,TOR,SF,58,32.2,21.1,6.3,5.4,5.3,28.7,0.547
Rayan Rupert,20,POR,SG,52,8.8,3.0,1.3,0.5,1.1,16.8,0.499
Reed Sheppard,20,HOU,PG,52,12.6,4.4,1.5,1.4,2.7,17.8,0.465
Ricky Council IV,23,PHI,SF,73,17.1,7.3,2.9,1.3,2.9,20.3,0.502
Rob Dillingham,20,MIN,PG,49,10.5,4.5,1.0,2.0,1.5,22.7,0.503
Ron Holland,19,DET,SF,81,15.6,6.4,2.7,1.0,1.9,18.1,0.556
Royce O'Neale,31,PHO,SF,75,24.5,9.1,4.7,2.2,5.9,15.5,0.585
Rudy Gobert,32,MIN,C,72,33.2,12.0,10.9,1.8,0.0,13.0,0.687
Rui Hachimura,26,LAL,PF,59,31.7,13.1,5.0,1.4,4.2,15.8,0.619
Russell Westbrook,36,DEN,PG,75,27.9,13.3,4.9,6.1,3.9,23.8,0.532
Ryan Dunn,22,PHO,SF,74,19.1,6.9,3.6,0.8,3.6,16.7,0.517
Ryan Rollins,22,MIL,PG,56,14.6,6.2,1.9,1.9,2.1,18.4,0.6
Sam Hauser,27,BOS,PF,71,21.7,8.5,3.2,0.9,5.6,14.3,0.632
Sam Merrill,28,CLE,SG,71,19.7,7.2,2.2,1.5,5.2,14.3,0.583
Sandro Mamukelashvili,25,SAS,PF,61,11.2,6.3,3.1,0.8,2.6,20.8,0.628
Santi Aldama,24,MEM,PF,65,25.5,12.5,6.4,2.9,5.0,18.5,0.588
Scoot Henderson,20,POR,PG,66,26.7,12.7,3.0,5.1,4.5,22.5,0.54
Scottie Barnes,23,TOR,PF,65,32.8,19.3,7.7,5.8,4.3,27.0,0.523
Scotty Pippen Jr.,24,MEM,PG,79,21.3,9.9,3.3,4.4,2.8,19.3,0.582
Seth Curry,34,CHO,SG,68,15.6,6.5,1.7,0.9,2.7,15.7,0.616
Shaedon Sharpe,21,POR,SG,72,31.3,18.5,4.5,2.8,6.6,25.1,0.551
Shai Gilgeous-Alexander,26,OKC,PG,76,34.2,32.7,5.0,6.4,5.7,34.8,0.637
Shake Milton,28,2 teams,SG,57,14.7,5.5,1.8,1.8,1.9,16.7,0.563
Simone Fontecchio,29,DET,SF,75,16.5,5.9,2.9,0.9,3.0,15.8,0.544
Spencer Dinwiddie,31,DAL,PG,79,27.0,11.0,2.6,4.4,4.1,17.9,0.553
Stephen Curry,36,GSW,PG,70,32.2,24.5,4.4,6.0,11.2,29.8,0.618
Stephon Castle,20,SAS,SG,81,26.7,14.7,3.7,4.1,4.1,26.0,0.522
Steven Adams,31,HOU,C,58,13.7,3.9,5.6,1.1,0.0,13.6,0.541
T.J. McConnell,32,IND,PG,79,17.9,9.1,2.4,4.4,0.6,23.4,0.547
Talen Horton-Tucker,24,CHI,SG,58,12.5,6.5,1.7,1.4,2.1,21.6,0.567
Tari Eason,23,HOU,PF,57,24.9,12.0,6.4,1.5,3.2,19.4,0.567
Taurean Prince,30,MIL,SF,80,27.1,8.2,3.6,1.9,4.2,12.5,0.613
Terance Mann,28,2 teams,SG,67,21.1,7.7,3.0,1.8,2.4,14.7,0.584
Terry Rozier,30,MIA,PG,64,25.9,10.6,3.7,2.6,4.8,20.4,0.497
Thomas Bryant,27,2 teams,C,66,14.6,6.5,3.8,0.8,2.2,17.1,0.614
Tidjane Salaün,19,CHO,PF,60,20.7,5.9,4.7,1.2,3.4,15.2,0.457
Tim Hardaway Jr.,32,DET,SG,77,28.0,11.0,2.4,1.6,5.9,15.5,0.567
Tobias Harris,32,DET,PF,73,31.6,13.7,5.9,2.2,3.6,17.6,0.571
Toumani Camara,24,POR,PF,78,32.7,11.3,5.8,2.2,4.6,14.4,0.572
Trae Young,26,ATL,PG,76,36.0,24.2,3.1,11.6,8.4,29.6,0.567
Trayce Jackson-Davis,24,GSW,C,62,15.6,6.6,5.0,1.7,0.0,17.1,0.587
Tre Jones,25,2 teams,PG,46,19.7,7.2,2.5,4.2,1.0,14.1,0.617
Trendon Watford,24,BRK,PF,44,20.8,10.2,3.6,2.6,2.0,23.3,0.557
Trey Lyles,29,SAC,PF,69,19.6,6.5,4.6,1.2,3.4,14.3,0.551
Trey Murphy III,24,NOP,SF,53,35.0,21.2,5.1,3.5,8.3,23.7,0.598
Tristan Da Silva,23,ORL,SF,74,22.0,7.2,3.3,1.5,3.2,15.2,0.522
Tristan Thompson,33,CLE,C,40,8.2,1.7,3.4,0.6,0.1,12.7,0.41
Ty Jerome,27,CLE,SG,70,19.9,12.5,2.5,3.4,3.6,23.6,0.643
Tyler Herro,25,MIA,SG,77,35.4,23.9,5.2,5.5,8.7,28.0,0.605
Tyler Kolek,23,NYK,PG,41,7.2,2.0,0.7,1.7,1.1,15.8,0.453
Tyrese Haliburton,24,IND,PG,73,33.6,18.6,3.5,9.2,7.7,21.6,0.616
Tyrese Martin,25,BRK,SG,60,21.9,8.7,3.7,2.0,4.7,18.8,0.533
Tyrese Maxey,24,PHI,PG,52,37.7,26.3,3.3,6.1,9.2,29.8,0.562
Tyus Jones,28,PHO,PG,81,26.8,10.2,2.4,5.3,5.0,16.2,0.585
Vasilije Micić,31,2 teams,PG,41,19.1,6.6,2.2,3.1,3.0,19.9,0.462
Victor Wembanyama,21,SAS,C,46,33.2,24.3,11.0,3.7,8.8,30.4,0.594
Vít Krejčí,24,ATL,PG,57,20.2,7.2,2.7,2.6,3.6,12.9,0.661
Walker Kessler,23,UTA,C,58,30.0,11.1,12.2,1.7,0.6,13.7,0.66
Wendell Carter Jr.,25,ORL,C,68,25.9,9.1,7.2,2.0,2.3,16.0,0.544
Yves Missi,20,NOP,C,73,26.8,9.1,8.2,1.4,0.0,14.3,0.572
Zaccharie Risacher,19,ATL,SF,75,24.6,12.6,3.6,1.2,4.6,20.9,0.558
Zach Collins,27,2 teams,PF,64,15.3,6.4,4.5,1.7,1.7,17.1,0.605
Zach Edey,22,MEM,C,66,21.5,9.2,8.3,1.0,0.8,16.4,0.624
Zach LaVine,29,2 teams,SG,74,35.2,23.3,4.3,4.2,7.2,25.3,0.639
Zeke Nnaji,24,DEN,PF,57,10.7,3.2,1.6,0.4,0.9,12.2,0.574
Ziaire Williams,23,BRK,SF,63,24.5,10.0,4.6,1.3,4.8,18.2,0.55
