player,team,april_ab,april_h,career_ab,career_h
Aaron Judge,New York Yankees,117,50,3564,1026
Adam Frazier,Pittsburgh Pirates,86,21,3425,903
Adley Rutschman,Baltimore Orioles,99,22,1557,407
Adolis García,Texas Rangers,107,24,2344,560
Alec Bohm,Philadelphia Phillies,113,25,2238,620
Alejandro Kirk,Toronto Blue Jays,88,21,1371,362
Alex Bregman,Boston Red Sox,125,41,4157,1132
Amed Rosario,Washington Nationals,51,13,3507,958
Andrew Benintendi,Chicago White Sox,75,17,3830,1034
Andrew McCutchen,Pittsburgh Pirates,83,23,7440,2028
Andrew Vaughn,Chicago White Sox,111,18,2063,522
Andrés Giménez,Toronto Blue Jays,109,18,1937,505
Anthony Santander,Toronto Blue Jays,114,20,2830,695
Anthony Volpe,New York Yankees,114,27,1178,268
Austin Hays,Cincinnati Reds,52,19,2028,530
Austin Riley,Atlanta Braves,125,35,2728,742
Bo Bichette,Toronto Blue Jays,129,38,2493,723
Bobby Witt Jr.,Kansas City Royals,118,38,1868,538
Brandon Lowe,Tampa Bay Rays,107,23,2150,527
Brandon Nimmo,New York Mets,111,24,3136,820
Brendan Donovan,St. Louis Cardinals,114,38,1305,366
Brendan Rodgers,Houston Astros,54,12,1690,449
Brent Rooker,Athletics,124,32,1249,322
Bryan Reynolds,Pittsburgh Pirates,123,29,2973,822
Bryce Harper,Philadelphia Phillies,111,26,5934,1670
Bryson Stott,Philadelphia Phillies,101,30,1518,388
Byron Buxton,Minnesota Twins,109,26,2614,639
CJ Abrams,Washington Nationals,71,20,1388,341
Cal Raleigh,Seattle Mariners,116,27,1568,342
Carlos Correa,Minnesota Twins,107,23,4179,1150
Carlos Santana,Cleveland Guardians,105,23,7400,1789
Carson Kelly,Chicago Cubs,50,18,1591,357
Cedric Mullins,Baltimore Orioles,97,27,2432,614
Christian Walker,Houston Astros,107,21,2880,720
Christian Yelich,Milwaukee Brewers,109,24,5535,1590
Christopher Morel,Tampa Bay Rays,85,20,1302,290
Cody Bellinger,New York Yankees,98,20,3642,942
Corbin Carroll,Arizona Diamondbacks,128,37,1258,324
Corey Seager,Texas Rangers,77,22,3964,1151
Danny Jansen,Tampa Bay Rays,63,10,1493,329
Dansby Swanson,Chicago Cubs,123,25,4142,1042
Dylan Moore,Seattle Mariners,70,20,1434,296
Elias Díaz,San Diego Padres,56,12,2317,582
Elly De La Cruz,Cincinnati Reds,121,34,1006,251
Enrique Hernández,Los Angeles Dodgers,64,12,3487,830
Eugenio Suárez,Arizona Diamondbacks,105,21,5232,1300
Ezequiel Tovar,Colorado Rockies,66,14,1269,330
Fernando Tatis Jr.,San Diego Padres,113,39,2009,561
Francisco Lindor,New York Mets,120,37,5442,1492
Freddie Freeman,Los Angeles Dodgers,69,22,7558,2267
Gavin Lux,Cincinnati Reds,98,32,1333,336
Gavin Sheets,San Diego Padres,84,22,1299,299
George Springer,Toronto Blue Jays,85,26,5057,1326
Geraldo Perdomo,Arizona Diamondbacks,105,28,1206,284
Gio Urshela,Athletics,77,16,2626,716
Gleyber Torres,Detroit Tigers,77,21,3281,870
Gunnar Henderson,Baltimore Orioles,92,21,1306,350
Harrison Bader,Minnesota Twins,78,19,2297,555
Hunter Renfroe,Kansas City Royals,66,11,3323,790
Ian Happ,Chicago Cubs,132,35,3276,812
Isaac Paredes,Houston Astros,111,28,1537,357
Isiah Kiner-Falefa,Pittsburgh Pirates,100,28,2678,702
J.P. Crawford,Seattle Mariners,90,26,2799,686
J.T. Realmuto,Philadelphia Phillies,97,23,4548,1237
JJ Bleday,Athletics,106,23,1032,223
Jake Burger,Texas Rangers,97,18,1233,309
Jake Fraley,Cincinnati Reds,70,14,1182,294
Jake Meyers,Houston Astros,80,20,1066,243
Jarred Kelenic,Atlanta Braves,60,10,1284,273
Jarren Duran,Boston Red Sox,136,38,1314,357
Javier Báez,Detroit Tigers,81,24,4377,1099
Jazz Chisholm Jr.,New York Yankees,105,19,1647,410
Jeimer Candelario,Cincinnati Reds,80,9,3115,748
Jeremy Peña,Houston Astros,110,31,1700,444
Jesse Winker,New York Mets,61,13,2364,620
Jesús Sánchez,Miami Marlins,50,10,1414,339
Joc Pederson,Texas Rangers,74,8,3687,887
Jonah Heim,Texas Rangers,77,21,1625,371
Jonathan India,Kansas City Royals,102,22,1905,482
Jorge Polanco,Seattle Mariners,73,28,3573,938
Jorge Soler,Los Angeles Angels,103,25,3523,855
Jose Altuve,Houston Astros,117,32,7293,2232
Jose Iglesias,San Diego Padres,72,20,4040,1142
Jose Trevino,Cincinnati Reds,65,21,1190,281
Josh Bell,Washington Nationals,102,14,4035,1042
Josh Naylor,Arizona Diamondbacks,110,35,2047,537
José Ramírez,Cleveland Guardians,106,28,5377,1500
Juan Soto,New York Mets,112,27,3280,934
Julio Rodríguez,Seattle Mariners,121,25,1732,480
Ke'Bryan Hayes,Pittsburgh Pirates,106,26,1811,467
Keibert Ruiz,Washington Nationals,103,31,1472,366
Kyle Farmer,Colorado Rockies,84,21,1895,474
Kyle Higashioka,Texas Rangers,59,15,1104,234
Kyle Isbel,Kansas City Royals,75,18,1008,233
Kyle Schwarber,Philadelphia Phillies,106,26,3940,905
Kyle Tucker,Chicago Cubs,122,34,2241,615
LaMonte Wade Jr.,San Francisco Giants,80,10,1408,346
Lars Nootbaar,St. Louis Cardinals,114,30,1173,288
Leody Taveras,Texas Rangers,75,19,1598,383
Lourdes Gurriel Jr.,Arizona Diamondbacks,105,19,2788,778
Luis Arraez,San Diego Padres,94,28,2624,847
Luis García Jr.,Washington Nationals,95,23,1677,453
Luis Rengifo,Los Angeles Angels,103,24,1787,452
Luis Robert Jr.,Chicago White Sox,100,17,1796,480
Maikel Garcia,Kansas City Royals,103,29,1061,266
Manny Machado,San Diego Padres,111,31,6809,1900
Marcell Ozuna,Atlanta Braves,92,26,5558,1514
Marcus Semien,Texas Rangers,110,20,5895,1505
Matt Chapman,San Francisco Giants,106,21,3713,896
Matt Olson,Atlanta Braves,107,25,3872,985
Max Kepler,Philadelphia Phillies,95,24,3761,893
Max Muncy,Los Angeles Dodgers,93,18,2980,679
Michael A. Taylor,Chicago White Sox,58,12,3185,748
Michael Conforto,Los Angeles Dodgers,90,14,3395,851
Michael Harris II,Atlanta Braves,116,27,1359,387
Miguel Andujar,Athletics,79,25,1361,372
Mike Trout,Los Angeles Angels,106,19,5511,1648
Mike Yastrzemski,San Francisco Giants,91,25,2274,543
Mookie Betts,Los Angeles Dodgers,108,27,5494,1615
Nathaniel Lowe,Washington Nationals,113,28,2478,673
Nick Castellanos,Philadelphia Phillies,111,30,5865,1605
Nico Hoerner,Chicago Cubs,105,31,2017,560
Nolan Arenado,St. Louis Cardinals,107,26,6406,1826
Nolan Gorman,St. Louis Cardinals,53,10,1054,234
Ozzie Albies,Atlanta Braves,122,29,3485,941
Paul DeJong,Washington Nationals,54,11,2971,679
Paul Goldschmidt,New York Yankees,118,42,7119,2056
Pavin Smith,Arizona Diamondbacks,73,25,1108,270
Pete Alonso,New York Mets,108,37,3139,781
Rafael Devers,Boston Red Sox,120,27,3802,1062
Ramón Urías,Baltimore Orioles,72,21,1322,346
Randy Arozarena,Seattle Mariners,106,22,2299,583
Rhys Hoskins,Milwaukee Brewers,85,24,2876,684
Riley Greene,Detroit Tigers,119,31,1266,338
Rowdy Tellez,Seattle Mariners,57,9,2073,486
Ryan Jeffers,Minnesota Twins,78,20,1232,284
Ryan McMahon,Colorado Rockies,102,15,3031,736
Ryan Mountcastle,Baltimore Orioles,93,18,2111,559
Ryan O'Hearn,Baltimore Orioles,72,21,1749,427
Salvador Perez,Kansas City Royals,115,27,5880,1571
Santiago Espinal,Cincinnati Reds,64,20,1318,350
Sean Murphy,Atlanta Braves,60,15,1702,397
Seiya Suzuki,Chicago Cubs,108,31,1424,396
Shea Langeliers,Athletics,103,25,1072,231
Shohei Ohtani,Los Angeles Dodgers,115,33,3119,878
Spencer Steer,Cincinnati Reds,92,16,1251,307
Spencer Torkelson,Detroit Tigers,108,26,1308,289
Starling Marte,New York Mets,52,9,5458,1560
Steven Kwan,Cleveland Guardians,118,38,1681,479
TJ Friedl,Cincinnati Reds,120,33,1041,266
Taylor Walls,Tampa Bay Rays,71,11,1080,203
Taylor Ward,Los Angeles Angels,111,21,1915,483
Teoscar Hernández,Los Angeles Dodgers,116,36,3534,928
Tim Anderson,Los Angeles Angels,51,9,3856,1071
Tommy Edman,Los Angeles Dodgers,111,28,2366,623
Tommy Pham,Pittsburgh Pirates,94,16,3823,985
Trea Turner,Philadelphia Phillies,110,31,4568,1352
Trent Grisham,New York Yankees,72,21,1932,412
Trevor Story,Boston Red Sox,123,32,3431,909
Ty France,Minnesota Twins,109,29,2513,662
Tyler O'Neill,Baltimore Orioles,65,14,1875,462
Tyrone Taylor,New York Mets,81,18,1214,293
Vladimir Guerrero Jr.,Toronto Blue Jays,112,30,3145,905
Will Smith,Los Angeles Dodgers,76,24,2146,554
Willi Castro,Minnesota Twins,66,15,1923,477
William Contreras,Milwaukee Brewers,104,27,1642,455
Willson Contreras,St. Louis Cardinals,117,26,3210,828
Willy Adames,San Francisco Giants,120,25,3227,800
Wilmer Flores,San Francisco Giants,109,25,3862,1006
Xander Bogaerts,San Diego Padres,103,25,5858,1693
Yandy Díaz,Tampa Bay Rays,122,31,2712,782
Yordan Alvarez,Houston Astros,96,21,2290,683
Zach McKinstry,Detroit Tigers,93,30,1092,240
