season,team,win_total,source_url
2014,Arizona Diamondbacks,81.5,http://web.archive.org/web/20210818170614/https://www.sportsoddshistory.com/mlb-win/?y=2014&sa=mlb&t=win&o=e
2014,Atlanta Braves,87.5,http://web.archive.org/web/20210818170614/https://www.sportsoddshistory.com/mlb-win/?y=2014&sa=mlb&t=win&o=e
2014,Baltimore Orioles,81.5,http://web.archive.org/web/20210818170614/https://www.sportsoddshistory.com/mlb-win/?y=2014&sa=mlb&t=win&o=e
2014,Boston Red Sox,88,http://web.archive.org/web/20210818170614/https://www.sportsoddshistory.com/mlb-win/?y=2014&sa=mlb&t=win&o=e
2014,Chicago Cubs,70,http://web.archive.org/web/20210818170614/https://www.sportsoddshistory.com/mlb-win/?y=2014&sa=mlb&t=win&o=e
2014,Chicago White Sox,76.5,http://web.archive.org/web/20210818170614/https://www.sportsoddshistory.com/mlb-win/?y=2014&sa=mlb&t=win&o=e
2014,Cincinnati Reds,84.5,http://web.archive.org/web/20210818170614/https://www.sportsoddshistory.com/mlb-win/?y=2014&sa=mlb&t=win&o=e
2014,Cleveland Indians,80.5,http://web.archive.org/web/20210818170614/https://www.sportsoddshistory.com/mlb-win/?y=2014&sa=mlb&t=win&o=e
2014,Colorado Rockies,76.5,http://web.archive.org/web/20210818170614/https://www.sportsoddshistory.com/mlb-win/?y=2014&sa=mlb&t=win&o=e
2014,Detroit Tigers,90,http://web.archive.org/web/20210818170614/https://www.sportsoddshistory.com/mlb-win/?y=2014&sa=mlb&t=win&o=e
2014,Houston Astros,62.5,http://web.archive.org/web/20210818170614/https://www.sportsoddshistory.com/mlb-win/?y=2014&sa=mlb&t=win&o=e
2014,Kansas City Royals,82,http://web.archive.org/web/20210818170614/https://www.sportsoddshistory.com/mlb-win/?y=2014&sa=mlb&t=win&o=e
2014,Los Angeles Angels,86.5,http://web.archive.org/web/20210818170614/https://www.sportsoddshistory.com/mlb-win/?y=2014&sa=mlb&t=win&o=e
2014,Los Angeles Dodgers,92.5,http://web.archive.org/web/20210818170614/https://www.sportsoddshistory.com/mlb-win/?y=2014&sa=mlb&t=win&o=e
2014,Miami Marlins,69.5,http://web.archive.org/web/20210818170614/https://www.sportsoddshistory.com/mlb-win/?y=2014&sa=mlb&t=win&o=e
2014,Milwaukee Brewers,80,http://web.archive.org/web/20210818170614/https://www.sportsoddshistory.com/mlb-win/?y=2014&sa=mlb&t=win&o=e
2014,Minnesota Twins,70.5,http://web.archive.org/web/20210818170614/https://www.sportsoddshistory.com/mlb-win/?y=2014&sa=mlb&t=win&o=e
2014,New York Mets,74,http://web.archive.org/web/20210818170614/https://www.sportsoddshistory.com/mlb-win/?y=2014&sa=mlb&t=win&o=e
2014,New York Yankees,87,http://web.archive.org/web/20210818170614/https://www.sportsoddshistory.com/mlb-win/?y=2014&sa=mlb&t=win&o=e
2014,Oakland Athletics,88.5,http://web.archive.org/web/20210818170614/https://www.sportsoddshistory.com/mlb-win/?y=2014&sa=mlb&t=win&o=e
2014,Philadelphia Phillies,76.5,http://web.archive.org/web/20210818170614/https://www.sportsoddshistory.com/mlb-win/?y=2014&sa=mlb&t=win&o=e
2014,Pittsburgh Pirates,84.5,http://web.archive.org/web/20210818170614/https://www.sportsoddshistory.com/mlb-win/?y=2014&sa=mlb&t=win&o=e
2014,San Diego Padres,79,http://web.archive.org/web/20210818170614/https://www.sportsoddshistory.com/mlb-win/?y=2014&sa=mlb&t=win&o=e
2014,San Francisco Giants,86.5,http://web.archive.org/web/20210818170614/https://www.sportsoddshistory.com/mlb-win/?y=2014&sa=mlb&t=win&o=e
2014,Seattle Mariners,81,http://web.archive.org/web/20210818170614/https://www.sportsoddshistory.com/mlb-win/?y=2014&sa=mlb&t=win&o=e
2014,St. Louis Cardinals,91.5,http://web.archive.org/web/20210818170614/https://www.sportsoddshistory.com/mlb-win/?y=2014&sa=mlb&t=win&o=e
2014,Tampa Bay Rays,88,http://web.archive.org/web/20210818170614/https://www.sportsoddshistory.com/mlb-win/?y=2014&sa=mlb&t=win&o=e
2014,Texas Rangers,87,http://web.archive.org/web/20210818170614/https://www.sportsoddshistory.com/mlb-win/?y=2014&sa=mlb&t=win&o=e
2014,Toronto Blue Jays,80.5,http://web.archive.org/web/20210818170614/https://www.sportsoddshistory.com/mlb-win/?y=2014&sa=mlb&t=win&o=e
2014,Washington Nationals,89.5,http://web.archive.org/web/20210818170614/https://www.sportsoddshistory.com/mlb-win/?y=2014&sa=mlb&t=win&o=e
2015,Arizona Diamondbacks,72.5,http://web.archive.org/web/20240814205741/https://www.sportsoddshistory.com/mlb-win/?y=2015&sa=mlb&t=win&o=e
2015,Atlanta Braves,73.5,http://web.archive.org/web/20240814205741/https://www.sportsoddshistory.com/mlb-win/?y=2015&sa=mlb&t=win&o=e
2015,Baltimore Orioles,82.5,http://web.archive.org/web/20240814205741/https://www.sportsoddshistory.com/mlb-win/?y=2015&sa=mlb&t=win&o=e
2015,Boston Red Sox,86,http://web.archive.org/web/20240814205741/https://www.sportsoddshistory.com/mlb-win/?y=2015&sa=mlb&t=win&o=e
2015,Chicago Cubs,83,http://web.archive.org/web/20240814205741/https://www.sportsoddshistory.com/mlb-win/?y=2015&sa=mlb&t=win&o=e
2015,Chicago White Sox,81.5,http://web.archive.org/web/20240814205741/https://www.sportsoddshistory.com/mlb-win/?y=2015&sa=mlb&t=win&o=e
2015,Cincinnati Reds,77.5,http://web.archive.org/web/20240814205741/https://www.sportsoddshistory.com/mlb-win/?y=2015&sa=mlb&t=win&o=e
2015,Cleveland Indians,84.5,http://web.archive.org/web/20240814205741/https://www.sportsoddshistory.com/mlb-win/?y=2015&sa=mlb&t=win&o=e
2015,Colorado Rockies,72.5,http://web.archive.org/web/20240814205741/https://www.sportsoddshistory.com/mlb-win/?y=2015&sa=mlb&t=win&o=e
2015,Detroit Tigers,83.5,http://web.archive.org/web/20240814205741/https://www.sportsoddshistory.com/mlb-win/?y=2015&sa=mlb&t=win&o=e
2015,Houston Astros,76.5,http://web.archive.org/web/20240814205741/https://www.sportsoddshistory.com/mlb-win/?y=2015&sa=mlb&t=win&o=e
2015,Kansas City Royals,80.5,http://web.archive.org/web/20240814205741/https://www.sportsoddshistory.com/mlb-win/?y=2015&sa=mlb&t=win&o=e
2015,Los Angeles Angels,87.5,http://web.archive.org/web/20240814205741/https://www.sportsoddshistory.com/mlb-win/?y=2015&sa=mlb&t=win&o=e
2015,Los Angeles Dodgers,92.5,http://web.archive.org/web/20240814205741/https://www.sportsoddshistory.com/mlb-win/?y=2015&sa=mlb&t=win&o=e
2015,Miami Marlins,81.5,http://web.archive.org/web/20240814205741/https://www.sportsoddshistory.com/mlb-win/?y=2015&sa=mlb&t=win&o=e
2015,Milwaukee Brewers,78.5,http://web.archive.org/web/20240814205741/https://www.sportsoddshistory.com/mlb-win/?y=2015&sa=mlb&t=win&o=e
2015,Minnesota Twins,71.5,http://web.archive.org/web/20240814205741/https://www.sportsoddshistory.com/mlb-win/?y=2015&sa=mlb&t=win&o=e
2015,New York Mets,82.5,http://web.archive.org/web/20240814205741/https://www.sportsoddshistory.com/mlb-win/?y=2015&sa=mlb&t=win&o=e
2015,New York Yankees,81.5,http://web.archive.org/web/20240814205741/https://www.sportsoddshistory.com/mlb-win/?y=2015&sa=mlb&t=win&o=e
2015,Oakland Athletics,82.5,http://web.archive.org/web/20240814205741/https://www.sportsoddshistory.com/mlb-win/?y=2015&sa=mlb&t=win&o=e
2015,Philadelphia Phillies,67.5,http://web.archive.org/web/20240814205741/https://www.sportsoddshistory.com/mlb-win/?y=2015&sa=mlb&t=win&o=e
2015,Pittsburgh Pirates,85,http://web.archive.org/web/20240814205741/https://www.sportsoddshistory.com/mlb-win/?y=2015&sa=mlb&t=win&o=e
2015,San Diego Padres,83.5,http://web.archive.org/web/20240814205741/https://www.sportsoddshistory.com/mlb-win/?y=2015&sa=mlb&t=win&o=e
2015,San Francisco Giants,82.5,http://web.archive.org/web/20240814205741/https://www.sportsoddshistory.com/mlb-win/?y=2015&sa=mlb&t=win&o=e
2015,Seattle Mariners,87.5,http://web.archive.org/web/20240814205741/https://www.sportsoddshistory.com/mlb-win/?y=2015&sa=mlb&t=win&o=e
2015,St. Louis Cardinals,87.5,http://web.archive.org/web/20240814205741/https://www.sportsoddshistory.com/mlb-win/?y=2015&sa=mlb&t=win&o=e
2015,Tampa Bay Rays,79.5,http://web.archive.org/web/20240814205741/https://www.sportsoddshistory.com/mlb-win/?y=2015&sa=mlb&t=win&o=e
2015,Texas Rangers,75.5,http://web.archive.org/web/20240814205741/https://www.sportsoddshistory.com/mlb-win/?y=2015&sa=mlb&t=win&o=e
2015,Toronto Blue Jays,82.5,http://web.archive.org/web/20240814205741/https://www.sportsoddshistory.com/mlb-win/?y=2015&sa=mlb&t=win&o=e
2015,Washington Nationals,94,http://web.archive.org/web/20240814205741/https://www.sportsoddshistory.com/mlb-win/?y=2015&sa=mlb&t=win&o=e
2016,Arizona Diamondbacks,81.5,http://web.archive.org/web/20220524115510/https://www.sportsoddshistory.com/mlb-win/?y=2016&sa=mlb&t=win&o=e
2016,Atlanta Braves,65.5,http://web.archive.org/web/20220524115510/https://www.sportsoddshistory.com/mlb-win/?y=2016&sa=mlb&t=win&o=e
2016,Baltimore Orioles,79.5,http://web.archive.org/web/20220524115510/https://www.sportsoddshistory.com/mlb-win/?y=2016&sa=mlb&t=win&o=e
2016,Boston Red Sox,86.5,http://web.archive.org/web/20220524115510/https://www.sportsoddshistory.com/mlb-win/?y=2016&sa=mlb&t=win&o=e
2016,Chicago Cubs,93.5,http://web.archive.org/web/20220524115510/https://www.sportsoddshistory.com/mlb-win/?y=2016&sa=mlb&t=win&o=e
2016,Chicago White Sox,80.5,http://web.archive.org/web/20220524115510/https://www.sportsoddshistory.com/mlb-win/?y=2016&sa=mlb&t=win&o=e
2016,Cincinnati Reds,70.5,http://web.archive.org/web/20220524115510/https://www.sportsoddshistory.com/mlb-win/?y=2016&sa=mlb&t=win&o=e
2016,Cleveland Indians,85.5,http://web.archive.org/web/20220524115510/https://www.sportsoddshistory.com/mlb-win/?y=2016&sa=mlb&t=win&o=e
2016,Colorado Rockies,71.5,http://web.archive.org/web/20220524115510/https://www.sportsoddshistory.com/mlb-win/?y=2016&sa=mlb&t=win&o=e
2016,Detroit Tigers,81.5,http://web.archive.org/web/20220524115510/https://www.sportsoddshistory.com/mlb-win/?y=2016&sa=mlb&t=win&o=e
2016,Houston Astros,88.5,http://web.archive.org/web/20220524115510/https://www.sportsoddshistory.com/mlb-win/?y=2016&sa=mlb&t=win&o=e
2016,Kansas City Royals,84.5,http://web.archive.org/web/20220524115510/https://www.sportsoddshistory.com/mlb-win/?y=2016&sa=mlb&t=win&o=e
2016,Los Angeles Angels,80.5,http://web.archive.org/web/20220524115510/https://www.sportsoddshistory.com/mlb-win/?y=2016&sa=mlb&t=win&o=e
2016,Los Angeles Dodgers,89.5,http://web.archive.org/web/20220524115510/https://www.sportsoddshistory.com/mlb-win/?y=2016&sa=mlb&t=win&o=e
2016,Miami Marlins,78.5,http://web.archive.org/web/20220524115510/https://www.sportsoddshistory.com/mlb-win/?y=2016&sa=mlb&t=win&o=e
2016,Milwaukee Brewers,70.5,http://web.archive.org/web/20220524115510/https://www.sportsoddshistory.com/mlb-win/?y=2016&sa=mlb&t=win&o=e
2016,Minnesota Twins,79.5,http://web.archive.org/web/20220524115510/https://www.sportsoddshistory.com/mlb-win/?y=2016&sa=mlb&t=win&o=e
2016,New York Mets,89.5,http://web.archive.org/web/20220524115510/https://www.sportsoddshistory.com/mlb-win/?y=2016&sa=mlb&t=win&o=e
2016,New York Yankees,85.5,http://web.archive.org/web/20220524115510/https://www.sportsoddshistory.com/mlb-win/?y=2016&sa=mlb&t=win&o=e
2016,Oakland Athletics,75.5,http://web.archive.org/web/20220524115510/https://www.sportsoddshistory.com/mlb-win/?y=2016&sa=mlb&t=win&o=e
2016,Philadelphia Phillies,64.5,http://web.archive.org/web/20220524115510/https://www.sportsoddshistory.com/mlb-win/?y=2016&sa=mlb&t=win&o=e
2016,Pittsburgh Pirates,86.5,http://web.archive.org/web/20220524115510/https://www.sportsoddshistory.com/mlb-win/?y=2016&sa=mlb&t=win&o=e
2016,San Diego Padres,73.5,http://web.archive.org/web/20220524115510/https://www.sportsoddshistory.com/mlb-win/?y=2016&sa=mlb&t=win&o=e
2016,San Francisco Giants,88.5,http://web.archive.org/web/20220524115510/https://www.sportsoddshistory.com/mlb-win/?y=2016&sa=mlb&t=win&o=e
2016,Seattle Mariners,82.5,http://web.archive.org/web/20220524115510/https://www.sportsoddshistory.com/mlb-win/?y=2016&sa=mlb&t=win&o=e
2016,St. Louis Cardinals,87.5,http://web.archive.org/web/20220524115510/https://www.sportsoddshistory.com/mlb-win/?y=2016&sa=mlb&t=win&o=e
2016,Tampa Bay Rays,82.5,http://web.archive.org/web/20220524115510/https://www.sportsoddshistory.com/mlb-win/?y=2016&sa=mlb&t=win&o=e
2016,Texas Rangers,83.5,http://web.archive.org/web/20220524115510/https://www.sportsoddshistory.com/mlb-win/?y=2016&sa=mlb&t=win&o=e
2016,Toronto Blue Jays,86.5,http://web.archive.org/web/20220524115510/https://www.sportsoddshistory.com/mlb-win/?y=2016&sa=mlb&t=win&o=e
2016,Washington Nationals,88.5,http://web.archive.org/web/20220524115510/https://www.sportsoddshistory.com/mlb-win/?y=2016&sa=mlb&t=win&o=e
2017,Arizona Diamondbacks,77.5,http://web.archive.org/web/20220703081705/https://www.sportsoddshistory.com/mlb-win/?y=2017&sa=mlb&t=win&o=e
2017,Atlanta Braves,74.5,http://web.archive.org/web/20220703081705/https://www.sportsoddshistory.com/mlb-win/?y=2017&sa=mlb&t=win&o=e
2017,Baltimore Orioles,80.5,http://web.archive.org/web/20220703081705/https://www.sportsoddshistory.com/mlb-win/?y=2017&sa=mlb&t=win&o=e
2017,Boston Red Sox,92.5,http://web.archive.org/web/20220703081705/https://www.sportsoddshistory.com/mlb-win/?y=2017&sa=mlb&t=win&o=e
2017,Chicago Cubs,96.5,http://web.archive.org/web/20220703081705/https://www.sportsoddshistory.com/mlb-win/?y=2017&sa=mlb&t=win&o=e
2017,Chicago White Sox,69.5,http://web.archive.org/web/20220703081705/https://www.sportsoddshistory.com/mlb-win/?y=2017&sa=mlb&t=win&o=e
2017,Cincinnati Reds,69.5,http://web.archive.org/web/20220703081705/https://www.sportsoddshistory.com/mlb-win/?y=2017&sa=mlb&t=win&o=e
2017,Cleveland Indians,93.5,http://web.archive.org/web/20220703081705/https://www.sportsoddshistory.com/mlb-win/?y=2017&sa=mlb&t=win&o=e
2017,Colorado Rockies,80.5,http://web.archive.org/web/20220703081705/https://www.sportsoddshistory.com/mlb-win/?y=2017&sa=mlb&t=win&o=e
2017,Detroit Tigers,82.5,http://web.archive.org/web/20220703081705/https://www.sportsoddshistory.com/mlb-win/?y=2017&sa=mlb&t=win&o=e
2017,Houston Astros,90.5,http://web.archive.org/web/20220703081705/https://www.sportsoddshistory.com/mlb-win/?y=2017&sa=mlb&t=win&o=e
2017,Kansas City Royals,76.5,http://web.archive.org/web/20220703081705/https://www.sportsoddshistory.com/mlb-win/?y=2017&sa=mlb&t=win&o=e
2017,Los Angeles Angels,79.5,http://web.archive.org/web/20220703081705/https://www.sportsoddshistory.com/mlb-win/?y=2017&sa=mlb&t=win&o=e
2017,Los Angeles Dodgers,94.5,http://web.archive.org/web/20220703081705/https://www.sportsoddshistory.com/mlb-win/?y=2017&sa=mlb&t=win&o=e
2017,Miami Marlins,76.5,http://web.archive.org/web/20220703081705/https://www.sportsoddshistory.com/mlb-win/?y=2017&sa=mlb&t=win&o=e
2017,Milwaukee Brewers,70.5,http://web.archive.org/web/20220703081705/https://www.sportsoddshistory.com/mlb-win/?y=2017&sa=mlb&t=win&o=e
2017,Minnesota Twins,74.5,http://web.archive.org/web/20220703081705/https://www.sportsoddshistory.com/mlb-win/?y=2017&sa=mlb&t=win&o=e
2017,New York Mets,87.5,http://web.archive.org/web/20220703081705/https://www.sportsoddshistory.com/mlb-win/?y=2017&sa=mlb&t=win&o=e
2017,New York Yankees,83.5,http://web.archive.org/web/20220703081705/https://www.sportsoddshistory.com/mlb-win/?y=2017&sa=mlb&t=win&o=e
2017,Oakland Athletics,73.5,http://web.archive.org/web/20220703081705/https://www.sportsoddshistory.com/mlb-win/?y=2017&sa=mlb&t=win&o=e
2017,Philadelphia Phillies,72.5,http://web.archive.org/web/20220703081705/https://www.sportsoddshistory.com/mlb-win/?y=2017&sa=mlb&t=win&o=e
2017,Pittsburgh Pirates,83,http://web.archive.org/web/20220703081705/https://www.sportsoddshistory.com/mlb-win/?y=2017&sa=mlb&t=win&o=e
2017,San Diego Padres,66.5,http://web.archive.org/web/20220703081705/https://www.sportsoddshistory.com/mlb-win/?y=2017&sa=mlb&t=win&o=e
2017,San Francisco Giants,88.5,http://web.archive.org/web/20220703081705/https://www.sportsoddshistory.com/mlb-win/?y=2017&sa=mlb&t=win&o=e
2017,Seattle Mariners,85.5,http://web.archive.org/web/20220703081705/https://www.sportsoddshistory.com/mlb-win/?y=2017&sa=mlb&t=win&o=e
2017,St. Louis Cardinals,83.5,http://web.archive.org/web/20220703081705/https://www.sportsoddshistory.com/mlb-win/?y=2017&sa=mlb&t=win&o=e
2017,Tampa Bay Rays,78.5,http://web.archive.org/web/20220703081705/https://www.sportsoddshistory.com/mlb-win/?y=2017&sa=mlb&t=win&o=e
2017,Texas Rangers,85.5,http://web.archive.org/web/20220703081705/https://www.sportsoddshistory.com/mlb-win/?y=2017&sa=mlb&t=win&o=e
2017,Toronto Blue Jays,85.5,http://web.archive.org/web/20220703081705/https://www.sportsoddshistory.com/mlb-win/?y=2017&sa=mlb&t=win&o=e
2017,Washington Nationals,91.5,http://web.archive.org/web/20220703081705/https://www.sportsoddshistory.com/mlb-win/?y=2017&sa=mlb&t=win&o=e
2018,Arizona Diamondbacks,85,http://web.archive.org/web/20230430060812/https://www.sportsoddshistory.com/mlb-win/?y=2018&sa=mlb&t=win&o=e
2018,Atlanta Braves,75,http://web.archive.org/web/20230430060812/https://www.sportsoddshistory.com/mlb-win/?y=2018&sa=mlb&t=win&o=e
2018,Baltimore Orioles,72.5,http://web.archive.org/web/20230430060812/https://www.sportsoddshistory.com/mlb-win/?y=2018&sa=mlb&t=win&o=e
2018,Boston Red Sox,92,http://web.archive.org/web/20230430060812/https://www.sportsoddshistory.com/mlb-win/?y=2018&sa=mlb&t=win&o=e
2018,Chicago Cubs,93.5,http://web.archive.org/web/20230430060812/https://www.sportsoddshistory.com/mlb-win/?y=2018&sa=mlb&t=win&o=e
2018,Chicago White Sox,72.5,http://web.archive.org/web/20230430060812/https://www.sportsoddshistory.com/mlb-win/?y=2018&sa=mlb&t=win&o=e
2018,Cincinnati Reds,74,http://web.archive.org/web/20230430060812/https://www.sportsoddshistory.com/mlb-win/?y=2018&sa=mlb&t=win&o=e
2018,Cleveland Indians,94.5,http://web.archive.org/web/20230430060812/https://www.sportsoddshistory.com/mlb-win/?y=2018&sa=mlb&t=win&o=e
2018,Colorado Rockies,81.5,http://web.archive.org/web/20230430060812/https://www.sportsoddshistory.com/mlb-win/?y=2018&sa=mlb&t=win&o=e
2018,Detroit Tigers,67,http://web.archive.org/web/20230430060812/https://www.sportsoddshistory.com/mlb-win/?y=2018&sa=mlb&t=win&o=e
2018,Houston Astros,97.5,http://web.archive.org/web/20230430060812/https://www.sportsoddshistory.com/mlb-win/?y=2018&sa=mlb&t=win&o=e
2018,Kansas City Royals,70,http://web.archive.org/web/20230430060812/https://www.sportsoddshistory.com/mlb-win/?y=2018&sa=mlb&t=win&o=e
2018,Los Angeles Angels,84.5,http://web.archive.org/web/20230430060812/https://www.sportsoddshistory.com/mlb-win/?y=2018&sa=mlb&t=win&o=e
2018,Los Angeles Dodgers,95.5,http://web.archive.org/web/20230430060812/https://www.sportsoddshistory.com/mlb-win/?y=2018&sa=mlb&t=win&o=e
2018,Miami Marlins,63.5,http://web.archive.org/web/20230430060812/https://www.sportsoddshistory.com/mlb-win/?y=2018&sa=mlb&t=win&o=e
2018,Milwaukee Brewers,83.5,http://web.archive.org/web/20230430060812/https://www.sportsoddshistory.com/mlb-win/?y=2018&sa=mlb&t=win&o=e
2018,Minnesota Twins,83,http://web.archive.org/web/20230430060812/https://www.sportsoddshistory.com/mlb-win/?y=2018&sa=mlb&t=win&o=e
2018,New York Mets,82.5,http://web.archive.org/web/20230430060812/https://www.sportsoddshistory.com/mlb-win/?y=2018&sa=mlb&t=win&o=e
2018,New York Yankees,94.5,http://web.archive.org/web/20230430060812/https://www.sportsoddshistory.com/mlb-win/?y=2018&sa=mlb&t=win&o=e
2018,Oakland Athletics,75.5,http://web.archive.org/web/20230430060812/https://www.sportsoddshistory.com/mlb-win/?y=2018&sa=mlb&t=win&o=e
2018,Philadelphia Phillies,78.5,http://web.archive.org/web/20230430060812/https://www.sportsoddshistory.com/mlb-win/?y=2018&sa=mlb&t=win&o=e
2018,Pittsburgh Pirates,74,http://web.archive.org/web/20230430060812/https://www.sportsoddshistory.com/mlb-win/?y=2018&sa=mlb&t=win&o=e
2018,San Diego Padres,72.5,http://web.archive.org/web/20230430060812/https://www.sportsoddshistory.com/mlb-win/?y=2018&sa=mlb&t=win&o=e
2018,San Francisco Giants,79.5,http://web.archive.org/web/20230430060812/https://www.sportsoddshistory.com/mlb-win/?y=2018&sa=mlb&t=win&o=e
2018,Seattle Mariners,81.5,http://web.archive.org/web/20230430060812/https://www.sportsoddshistory.com/mlb-win/?y=2018&sa=mlb&t=win&o=e
2018,St. Louis Cardinals,86,http://web.archive.org/web/20230430060812/https://www.sportsoddshistory.com/mlb-win/?y=2018&sa=mlb&t=win&o=e
2018,Tampa Bay Rays,74,http://web.archive.org/web/20230430060812/https://www.sportsoddshistory.com/mlb-win/?y=2018&sa=mlb&t=win&o=e
2018,Texas Rangers,75,http://web.archive.org/web/20230430060812/https://www.sportsoddshistory.com/mlb-win/?y=2018&sa=mlb&t=win&o=e
2018,Toronto Blue Jays,81.5,http://web.archive.org/web/20230430060812/https://www.sportsoddshistory.com/mlb-win/?y=2018&sa=mlb&t=win&o=e
2018,Washington Nationals,93.5,http://web.archive.org/web/20230430060812/https://www.sportsoddshistory.com/mlb-win/?y=2018&sa=mlb&t=win&o=e
2019,Arizona Diamondbacks,75.5,http://web.archive.org/web/20230326181827/https://www.sportsoddshistory.com/mlb-win/?y=2019&sa=mlb&t=win&o=e
2019,Atlanta Braves,86,http://web.archive.org/web/20230326181827/https://www.sportsoddshistory.com/mlb-win/?y=2019&sa=mlb&t=win&o=e
2019,Baltimore Orioles,58.5,http://web.archive.org/web/20230326181827/https://www.sportsoddshistory.com/mlb-win/?y=2019&sa=mlb&t=win&o=e
2019,Boston Red Sox,94.5,http://web.archive.org/web/20230326181827/https://www.sportsoddshistory.com/mlb-win/?y=2019&sa=mlb&t=win&o=e
2019,Chicago Cubs,87.5,http://web.archive.org/web/20230326181827/https://www.sportsoddshistory.com/mlb-win/?y=2019&sa=mlb&t=win&o=e
2019,Chicago White Sox,73.5,http://web.archive.org/web/20230326181827/https://www.sportsoddshistory.com/mlb-win/?y=2019&sa=mlb&t=win&o=e
2019,Cincinnati Reds,78.5,http://web.archive.org/web/20230326181827/https://www.sportsoddshistory.com/mlb-win/?y=2019&sa=mlb&t=win&o=e
2019,Cleveland Indians,90.5,http://web.archive.org/web/20230326181827/https://www.sportsoddshistory.com/mlb-win/?y=2019&sa=mlb&t=win&o=e
2019,Colorado Rockies,84.5,http://web.archive.org/web/20230326181827/https://www.sportsoddshistory.com/mlb-win/?y=2019&sa=mlb&t=win&o=e
2019,Detroit Tigers,68.5,http://web.archive.org/web/20230326181827/https://www.sportsoddshistory.com/mlb-win/?y=2019&sa=mlb&t=win&o=e
2019,Houston Astros,96.5,http://web.archive.org/web/20230326181827/https://www.sportsoddshistory.com/mlb-win/?y=2019&sa=mlb&t=win&o=e
2019,Kansas City Royals,69.5,http://web.archive.org/web/20230326181827/https://www.sportsoddshistory.com/mlb-win/?y=2019&sa=mlb&t=win&o=e
2019,Los Angeles Angels,82.5,http://web.archive.org/web/20230326181827/https://www.sportsoddshistory.com/mlb-win/?y=2019&sa=mlb&t=win&o=e
2019,Los Angeles Dodgers,93.5,http://web.archive.org/web/20230326181827/https://www.sportsoddshistory.com/mlb-win/?y=2019&sa=mlb&t=win&o=e
2019,Miami Marlins,63.5,http://web.archive.org/web/20230326181827/https://www.sportsoddshistory.com/mlb-win/?y=2019&sa=mlb&t=win&o=e
2019,Milwaukee Brewers,86.5,http://web.archive.org/web/20230326181827/https://www.sportsoddshistory.com/mlb-win/?y=2019&sa=mlb&t=win&o=e
2019,Minnesota Twins,83.5,http://web.archive.org/web/20230326181827/https://www.sportsoddshistory.com/mlb-win/?y=2019&sa=mlb&t=win&o=e
2019,New York Mets,85.5,http://web.archive.org/web/20230326181827/https://www.sportsoddshistory.com/mlb-win/?y=2019&sa=mlb&t=win&o=e
2019,New York Yankees,96.5,http://web.archive.org/web/20230326181827/https://www.sportsoddshistory.com/mlb-win/?y=2019&sa=mlb&t=win&o=e
2019,Oakland Athletics,83.5,http://web.archive.org/web/20230326181827/https://www.sportsoddshistory.com/mlb-win/?y=2019&sa=mlb&t=win&o=e
2019,Philadelphia Phillies,89.5,http://web.archive.org/web/20230326181827/https://www.sportsoddshistory.com/mlb-win/?y=2019&sa=mlb&t=win&o=e
2019,Pittsburgh Pirates,77.5,http://web.archive.org/web/20230326181827/https://www.sportsoddshistory.com/mlb-win/?y=2019&sa=mlb&t=win&o=e
2019,San Diego Padres,78.5,http://web.archive.org/web/20230326181827/https://www.sportsoddshistory.com/mlb-win/?y=2019&sa=mlb&t=win&o=e
2019,San Francisco Giants,73.5,http://web.archive.org/web/20230326181827/https://www.sportsoddshistory.com/mlb-win/?y=2019&sa=mlb&t=win&o=e
2019,Seattle Mariners,71.5,http://web.archive.org/web/20230326181827/https://www.sportsoddshistory.com/mlb-win/?y=2019&sa=mlb&t=win&o=e
2019,St. Louis Cardinals,88.5,http://web.archive.org/web/20230326181827/https://www.sportsoddshistory.com/mlb-win/?y=2019&sa=mlb&t=win&o=e
2019,Tampa Bay Rays,84.5,http://web.archive.org/web/20230326181827/https://www.sportsoddshistory.com/mlb-win/?y=2019&sa=mlb&t=win&o=e
2019,Texas Rangers,71.5,http://web.archive.org/web/20230326181827/https://www.sportsoddshistory.com/mlb-win/?y=2019&sa=mlb&t=win&o=e
2019,Toronto Blue Jays,74.5,http://web.archive.org/web/20230326181827/https://www.sportsoddshistory.com/mlb-win/?y=2019&sa=mlb&t=win&o=e
2019,Washington Nationals,89,http://web.archive.org/web/20230326181827/https://www.sportsoddshistory.com/mlb-win/?y=2019&sa=mlb&t=win&o=e
2021,Arizona Diamondbacks,75.5,http://web.archive.org/web/20230430130122/https://www.sportsoddshistory.com/mlb-win/?y=2021&sa=mlb&t=win&o=e
2021,Atlanta Braves,91.5,http://web.archive.org/web/20230430130122/https://www.sportsoddshistory.com/mlb-win/?y=2021&sa=mlb&t=win&o=e
2021,Baltimore Orioles,64.5,http://web.archive.org/web/20230430130122/https://www.sportsoddshistory.com/mlb-win/?y=2021&sa=mlb&t=win&o=e
2021,Boston Red Sox,80.5,http://web.archive.org/web/20230430130122/https://www.sportsoddshistory.com/mlb-win/?y=2021&sa=mlb&t=win&o=e
2021,Chicago Cubs,78.5,http://web.archive.org/web/20230430130122/https://www.sportsoddshistory.com/mlb-win/?y=2021&sa=mlb&t=win&o=e
2021,Chicago White Sox,90.5,http://web.archive.org/web/20230430130122/https://www.sportsoddshistory.com/mlb-win/?y=2021&sa=mlb&t=win&o=e
2021,Cincinnati Reds,81.5,http://web.archive.org/web/20230430130122/https://www.sportsoddshistory.com/mlb-win/?y=2021&sa=mlb&t=win&o=e
2021,Cleveland Indians,81.5,http://web.archive.org/web/20230430130122/https://www.sportsoddshistory.com/mlb-win/?y=2021&sa=mlb&t=win&o=e
2021,Colorado Rockies,63.5,http://web.archive.org/web/20230430130122/https://www.sportsoddshistory.com/mlb-win/?y=2021&sa=mlb&t=win&o=e
2021,Detroit Tigers,69.5,http://web.archive.org/web/20230430130122/https://www.sportsoddshistory.com/mlb-win/?y=2021&sa=mlb&t=win&o=e
2021,Houston Astros,87.5,http://web.archive.org/web/20230430130122/https://www.sportsoddshistory.com/mlb-win/?y=2021&sa=mlb&t=win&o=e
2021,Kansas City Royals,74.5,http://web.archive.org/web/20230430130122/https://www.sportsoddshistory.com/mlb-win/?y=2021&sa=mlb&t=win&o=e
2021,Los Angeles Angels,83.5,http://web.archive.org/web/20230430130122/https://www.sportsoddshistory.com/mlb-win/?y=2021&sa=mlb&t=win&o=e
2021,Los Angeles Dodgers,102.5,http://web.archive.org/web/20230430130122/https://www.sportsoddshistory.com/mlb-win/?y=2021&sa=mlb&t=win&o=e
2021,Miami Marlins,70.5,http://web.archive.org/web/20230430130122/https://www.sportsoddshistory.com/mlb-win/?y=2021&sa=mlb&t=win&o=e
2021,Milwaukee Brewers,83.5,http://web.archive.org/web/20230430130122/https://www.sportsoddshistory.com/mlb-win/?y=2021&sa=mlb&t=win&o=e
2021,Minnesota Twins,88.5,http://web.archive.org/web/20230430130122/https://www.sportsoddshistory.com/mlb-win/?y=2021&sa=mlb&t=win&o=e
2021,New York Mets,90.5,http://web.archive.org/web/20230430130122/https://www.sportsoddshistory.com/mlb-win/?y=2021&sa=mlb&t=win&o=e
2021,New York Yankees,95.5,http://web.archive.org/web/20230430130122/https://www.sportsoddshistory.com/mlb-win/?y=2021&sa=mlb&t=win&o=e
2021,Oakland Athletics,87.5,http://web.archive.org/web/20230430130122/https://www.sportsoddshistory.com/mlb-win/?y=2021&sa=mlb&t=win&o=e
2021,Philadelphia Phillies,80.5,http://web.archive.org/web/20230430130122/https://www.sportsoddshistory.com/mlb-win/?y=2021&sa=mlb&t=win&o=e
2021,Pittsburgh Pirates,58.5,http://web.archive.org/web/20230430130122/https://www.sportsoddshistory.com/mlb-win/?y=2021&sa=mlb&t=win&o=e
2021,San Diego Padres,94.5,http://web.archive.org/web/20230430130122/https://www.sportsoddshistory.com/mlb-win/?y=2021&sa=mlb&t=win&o=e
2021,San Francisco Giants,75.5,http://web.archive.org/web/20230430130122/https://www.sportsoddshistory.com/mlb-win/?y=2021&sa=mlb&t=win&o=e
2021,Seattle Mariners,72.5,http://web.archive.org/web/20230430130122/https://www.sportsoddshistory.com/mlb-win/?y=2021&sa=mlb&t=win&o=e
2021,St. Louis Cardinals,86.5,http://web.archive.org/web/20230430130122/https://www.sportsoddshistory.com/mlb-win/?y=2021&sa=mlb&t=win&o=e
2021,Tampa Bay Rays,86.5,http://web.archive.org/web/20230430130122/https://www.sportsoddshistory.com/mlb-win/?y=2021&sa=mlb&t=win&o=e
2021,Texas Rangers,67.5,http://web.archive.org/web/20230430130122/https://www.sportsoddshistory.com/mlb-win/?y=2021&sa=mlb&t=win&o=e
2021,Toronto Blue Jays,86.5,http://web.archive.org/web/20230430130122/https://www.sportsoddshistory.com/mlb-win/?y=2021&sa=mlb&t=win&o=e
2021,Washington Nationals,84.5,http://web.archive.org/web/20230430130122/https://www.sportsoddshistory.com/mlb-win/?y=2021&sa=mlb&t=win&o=e
2022,Arizona Diamondbacks,66.5,http://web.archive.org/web/20230326184218/https://www.sportsoddshistory.com/mlb-win/?y=2022&sa=mlb&t=win&o=e
2022,Atlanta Braves,91.5,http://web.archive.org/web/20230326184218/https://www.sportsoddshistory.com/mlb-win/?y=2022&sa=mlb&t=win&o=e
2022,Baltimore Orioles,62.5,http://web.archive.org/web/20230326184218/https://www.sportsoddshistory.com/mlb-win/?y=2022&sa=mlb&t=win&o=e
2022,Boston Red Sox,85.5,http://web.archive.org/web/20230326184218/https://www.sportsoddshistory.com/mlb-win/?y=2022&sa=mlb&t=win&o=e
2022,Chicago Cubs,74.5,http://web.archive.org/web/20230326184218/https://www.sportsoddshistory.com/mlb-win/?y=2022&sa=mlb&t=win&o=e
2022,Chicago White Sox,92.5,http://web.archive.org/web/20230326184218/https://www.sportsoddshistory.com/mlb-win/?y=2022&sa=mlb&t=win&o=e
2022,Cincinnati Reds,73.5,http://web.archive.org/web/20230326184218/https://www.sportsoddshistory.com/mlb-win/?y=2022&sa=mlb&t=win&o=e
2022,Cleveland Guardians,76.5,http://web.archive.org/web/20230326184218/https://www.sportsoddshistory.com/mlb-win/?y=2022&sa=mlb&t=win&o=e
2022,Colorado Rockies,69.5,http://web.archive.org/web/20230326184218/https://www.sportsoddshistory.com/mlb-win/?y=2022&sa=mlb&t=win&o=e
2022,Detroit Tigers,78.5,http://web.archive.org/web/20230326184218/https://www.sportsoddshistory.com/mlb-win/?y=2022&sa=mlb&t=win&o=e
2022,Houston Astros,91.5,http://web.archive.org/web/20230326184218/https://www.sportsoddshistory.com/mlb-win/?y=2022&sa=mlb&t=win&o=e
2022,Kansas City Royals,74.5,http://web.archive.org/web/20230326184218/https://www.sportsoddshistory.com/mlb-win/?y=2022&sa=mlb&t=win&o=e
2022,Los Angeles Angels,84.5,http://web.archive.org/web/20230326184218/https://www.sportsoddshistory.com/mlb-win/?y=2022&sa=mlb&t=win&o=e
2022,Los Angeles Dodgers,98.5,http://web.archive.org/web/20230326184218/https://www.sportsoddshistory.com/mlb-win/?y=2022&sa=mlb&t=win&o=e
2022,Miami Marlins,76.5,http://web.archive.org/web/20230326184218/https://www.sportsoddshistory.com/mlb-win/?y=2022&sa=mlb&t=win&o=e
2022,Milwaukee Brewers,90.5,http://web.archive.org/web/20230326184218/https://www.sportsoddshistory.com/mlb-win/?y=2022&sa=mlb&t=win&o=e
2022,Minnesota Twins,82.5,http://web.archive.org/web/20230326184218/https://www.sportsoddshistory.com/mlb-win/?y=2022&sa=mlb&t=win&o=e
2022,New York Mets,88.5,http://web.archive.org/web/20230326184218/https://www.sportsoddshistory.com/mlb-win/?y=2022&sa=mlb&t=win&o=e
2022,New York Yankees,91.5,http://web.archive.org/web/20230326184218/https://www.sportsoddshistory.com/mlb-win/?y=2022&sa=mlb&t=win&o=e
2022,Oakland Athletics,68.5,http://web.archive.org/web/20230326184218/https://www.sportsoddshistory.com/mlb-win/?y=2022&sa=mlb&t=win&o=e
2022,Philadelphia Phillies,86.5,http://web.archive.org/web/20230326184218/https://www.sportsoddshistory.com/mlb-win/?y=2022&sa=mlb&t=win&o=e
2022,Pittsburgh Pirates,64.5,http://web.archive.org/web/20230326184218/https://www.sportsoddshistory.com/mlb-win/?y=2022&sa=mlb&t=win&o=e
2022,San Diego Padres,88.5,http://web.archive.org/web/20230326184218/https://www.sportsoddshistory.com/mlb-win/?y=2022&sa=mlb&t=win&o=e
2022,San Francisco Giants,86.5,http://web.archive.org/web/20230326184218/https://www.sportsoddshistory.com/mlb-win/?y=2022&sa=mlb&t=win&o=e
2022,Seattle Mariners,84.5,http://web.archive.org/web/20230326184218/https://www.sportsoddshistory.com/mlb-win/?y=2022&sa=mlb&t=win&o=e
2022,St. Louis Cardinals,84.5,http://web.archive.org/web/20230326184218/https://www.sportsoddshistory.com/mlb-win/?y=2022&sa=mlb&t=win&o=e
2022,Tampa Bay Rays,89.5,http://web.archive.org/web/20230326184218/https://www.sportsoddshistory.com/mlb-win/?y=2022&sa=mlb&t=win&o=e
2022,Texas Rangers,74.5,http://web.archive.org/web/20230326184218/https://www.sportsoddshistory.com/mlb-win/?y=2022&sa=mlb&t=win&o=e
2022,Toronto Blue Jays,92.5,http://web.archive.org/web/20230326184218/https://www.sportsoddshistory.com/mlb-win/?y=2022&sa=mlb&t=win&o=e
2022,Washington Nationals,70.5,http://web.archive.org/web/20230326184218/https://www.sportsoddshistory.com/mlb-win/?y=2022&sa=mlb&t=win&o=e
2023,Arizona Diamondbacks,75.5,http://web.archive.org/web/20240617075526/https://www.sportsoddshistory.com/mlb-win/?y=2023&sa=mlb&t=win&o=e
2023,Atlanta Braves,95.5,http://web.archive.org/web/20240617075526/https://www.sportsoddshistory.com/mlb-win/?y=2023&sa=mlb&t=win&o=e
2023,Baltimore Orioles,77.5,http://web.archive.org/web/20240617075526/https://www.sportsoddshistory.com/mlb-win/?y=2023&sa=mlb&t=win&o=e
2023,Boston Red Sox,78.5,http://web.archive.org/web/20240617075526/https://www.sportsoddshistory.com/mlb-win/?y=2023&sa=mlb&t=win&o=e
2023,Chicago Cubs,77.5,http://web.archive.org/web/20240617075526/https://www.sportsoddshistory.com/mlb-win/?y=2023&sa=mlb&t=win&o=e
2023,Chicago White Sox,82.5,http://web.archive.org/web/20240617075526/https://www.sportsoddshistory.com/mlb-win/?y=2023&sa=mlb&t=win&o=e
2023,Cincinnati Reds,65.5,http://web.archive.org/web/20240617075526/https://www.sportsoddshistory.com/mlb-win/?y=2023&sa=mlb&t=win&o=e
2023,Cleveland Guardians,86.5,http://web.archive.org/web/20240617075526/https://www.sportsoddshistory.com/mlb-win/?y=2023&sa=mlb&t=win&o=e
2023,Colorado Rockies,65.5,http://web.archive.org/web/20240617075526/https://www.sportsoddshistory.com/mlb-win/?y=2023&sa=mlb&t=win&o=e
2023,Detroit Tigers,69.5,http://web.archive.org/web/20240617075526/https://www.sportsoddshistory.com/mlb-win/?y=2023&sa=mlb&t=win&o=e
2023,Houston Astros,95.5,http://web.archive.org/web/20240617075526/https://www.sportsoddshistory.com/mlb-win/?y=2023&sa=mlb&t=win&o=e
2023,Kansas City Royals,69.5,http://web.archive.org/web/20240617075526/https://www.sportsoddshistory.com/mlb-win/?y=2023&sa=mlb&t=win&o=e
2023,Los Angeles Angels,82.5,http://web.archive.org/web/20240617075526/https://www.sportsoddshistory.com/mlb-win/?y=2023&sa=mlb&t=win&o=e
2023,Los Angeles Dodgers,95.5,http://web.archive.org/web/20240617075526/https://www.sportsoddshistory.com/mlb-win/?y=2023&sa=mlb&t=win&o=e
2023,Miami Marlins,76.5,http://web.archive.org/web/20240617075526/https://www.sportsoddshistory.com/mlb-win/?y=2023&sa=mlb&t=win&o=e
2023,Milwaukee Brewers,85.5,http://web.archive.org/web/20240617075526/https://www.sportsoddshistory.com/mlb-win/?y=2023&sa=mlb&t=win&o=e
2023,Minnesota Twins,84.5,http://web.archive.org/web/20240617075526/https://www.sportsoddshistory.com/mlb-win/?y=2023&sa=mlb&t=win&o=e
2023,New York Mets,92.5,http://web.archive.org/web/20240617075526/https://www.sportsoddshistory.com/mlb-win/?y=2023&sa=mlb&t=win&o=e
2023,New York Yankees,94.5,http://web.archive.org/web/20240617075526/https://www.sportsoddshistory.com/mlb-win/?y=2023&sa=mlb&t=win&o=e
2023,Oakland Athletics,59.5,http://web.archive.org/web/20240617075526/https://www.sportsoddshistory.com/mlb-win/?y=2023&sa=mlb&t=win&o=e
2023,Philadelphia Phillies,88.5,http://web.archive.org/web/20240617075526/https://www.sportsoddshistory.com/mlb-win/?y=2023&sa=mlb&t=win&o=e
2023,Pittsburgh Pirates,67.5,http://web.archive.org/web/20240617075526/https://www.sportsoddshistory.com/mlb-win/?y=2023&sa=mlb&t=win&o=e
2023,San Diego Padres,93.5,http://web.archive.org/web/20240617075526/https://www.sportsoddshistory.com/mlb-win/?y=2023&sa=mlb&t=win&o=e
2023,San Francisco Giants,80.5,http://web.archive.org/web/20240617075526/https://www.sportsoddshistory.com/mlb-win/?y=2023&sa=mlb&t=win&o=e
2023,Seattle Mariners,87.5,http://web.archive.org/web/20240617075526/https://www.sportsoddshistory.com/mlb-win/?y=2023&sa=mlb&t=win&o=e
2023,St. Louis Cardinals,89.5,http://web.archive.org/web/20240617075526/https://www.sportsoddshistory.com/mlb-win/?y=2023&sa=mlb&t=win&o=e
2023,Tampa Bay Rays,88.5,http://web.archive.org/web/20240617075526/https://www.sportsoddshistory.com/mlb-win/?y=2023&sa=mlb&t=win&o=e
2023,Texas Rangers,81.5,http://web.archive.org/web/20240617075526/https://www.sportsoddshistory.com/mlb-win/?y=2023&sa=mlb&t=win&o=e
2023,Toronto Blue Jays,91.5,http://web.archive.org/web/20240617075526/https://www.sportsoddshistory.com/mlb-win/?y=2023&sa=mlb&t=win&o=e
2023,Washington Nationals,59.5,http://web.archive.org/web/20240617075526/https://www.sportsoddshistory.com/mlb-win/?y=2023&sa=mlb&t=win&o=e
2024,Arizona Diamondbacks,84.5,http://web.archive.org/web/20240523000810/https://www.sportsoddshistory.com/mlb-win/?y=2024&sa=mlb&t=win&o=e
2024,Atlanta Braves,101.5,http://web.archive.org/web/20240523000810/https://www.sportsoddshistory.com/mlb-win/?y=2024&sa=mlb&t=win&o=e
2024,Baltimore Orioles,90.5,http://web.archive.org/web/20240523000810/https://www.sportsoddshistory.com/mlb-win/?y=2024&sa=mlb&t=win&o=e
2024,Boston Red Sox,77.5,http://web.archive.org/web/20240523000810/https://www.sportsoddshistory.com/mlb-win/?y=2024&sa=mlb&t=win&o=e
2024,Chicago Cubs,84.5,http://web.archive.org/web/20240523000810/https://www.sportsoddshistory.com/mlb-win/?y=2024&sa=mlb&t=win&o=e
2024,Chicago White Sox,61.5,http://web.archive.org/web/20240523000810/https://www.sportsoddshistory.com/mlb-win/?y=2024&sa=mlb&t=win&o=e
2024,Cincinnati Reds,82.5,http://web.archive.org/web/20240523000810/https://www.sportsoddshistory.com/mlb-win/?y=2024&sa=mlb&t=win&o=e
2024,Cleveland Guardians,79.5,http://web.archive.org/web/20240523000810/https://www.sportsoddshistory.com/mlb-win/?y=2024&sa=mlb&t=win&o=e
2024,Colorado Rockies,59.5,http://web.archive.org/web/20240523000810/https://www.sportsoddshistory.com/mlb-win/?y=2024&sa=mlb&t=win&o=e
2024,Detroit Tigers,81.5,http://web.archive.org/web/20240523000810/https://www.sportsoddshistory.com/mlb-win/?y=2024&sa=mlb&t=win&o=e
2024,Houston Astros,92.5,http://web.archive.org/web/20240523000810/https://www.sportsoddshistory.com/mlb-win/?y=2024&sa=mlb&t=win&o=e
2024,Kansas City Royals,73.5,http://web.archive.org/web/20240523000810/https://www.sportsoddshistory.com/mlb-win/?y=2024&sa=mlb&t=win&o=e
2024,Los Angeles Angels,72.5,http://web.archive.org/web/20240523000810/https://www.sportsoddshistory.com/mlb-win/?y=2024&sa=mlb&t=win&o=e
2024,Los Angeles Dodgers,103.5,http://web.archive.org/web/20240523000810/https://www.sportsoddshistory.com/mlb-win/?y=2024&sa=mlb&t=win&o=e
2024,Miami Marlins,77.5,http://web.archive.org/web/20240523000810/https://www.sportsoddshistory.com/mlb-win/?y=2024&sa=mlb&t=win&o=e
2024,Milwaukee Brewers,77.5,http://web.archive.org/web/20240523000810/https://www.sportsoddshistory.com/mlb-win/?y=2024&sa=mlb&t=win&o=e
2024,Minnesota Twins,86.5,http://web.archive.org/web/20240523000810/https://www.sportsoddshistory.com/mlb-win/?y=2024&sa=mlb&t=win&o=e
2024,New York Mets,81.5,http://web.archive.org/web/20240523000810/https://www.sportsoddshistory.com/mlb-win/?y=2024&sa=mlb&t=win&o=e
2024,New York Yankees,91.5,http://web.archive.org/web/20240523000810/https://www.sportsoddshistory.com/mlb-win/?y=2024&sa=mlb&t=win&o=e
2024,Oakland Athletics,57.5,http://web.archive.org/web/20240523000810/https://www.sportsoddshistory.com/mlb-win/?y=2024&sa=mlb&t=win&o=e
2024,Philadelphia Phillies,89.5,http://web.archive.org/web/20240523000810/https://www.sportsoddshistory.com/mlb-win/?y=2024&sa=mlb&t=win&o=e
2024,Pittsburgh Pirates,75.5,http://web.archive.org/web/20240523000810/https://www.sportsoddshistory.com/mlb-win/?y=2024&sa=mlb&t=win&o=e
2024,San Diego Padres,83.5,http://web.archive.org/web/20240523000810/https://www.sportsoddshistory.com/mlb-win/?y=2024&sa=mlb&t=win&o=e
2024,San Francisco Giants,83.5,http://web.archive.org/web/20240523000810/https://www.sportsoddshistory.com/mlb-win/?y=2024&sa=mlb&t=win&o=e
2024,Seattle Mariners,87.5,http://web.archive.org/web/20240523000810/https://www.sportsoddshistory.com/mlb-win/?y=2024&sa=mlb&t=win&o=e
2024,St. Louis Cardinals,84.5,http://web.archive.org/web/20240523000810/https://www.sportsoddshistory.com/mlb-win/?y=2024&sa=mlb&t=win&o=e
2024,Tampa Bay Rays,85.5,http://web.archive.org/web/20240523000810/https://www.sportsoddshistory.com/mlb-win/?y=2024&sa=mlb&t=win&o=e
2024,Texas Rangers,88.5,http://web.archive.org/web/20240523000810/https://www.sportsoddshistory.com/mlb-win/?y=2024&sa=mlb&t=win&o=e
2024,Toronto Blue Jays,87.5,http://web.archive.org/web/20240523000810/https://www.sportsoddshistory.com/mlb-win/?y=2024&sa=mlb&t=win&o=e
2024,Washington Nationals,66.5,http://web.archive.org/web/20240523000810/https://www.sportsoddshistory.com/mlb-win/?y=2024&sa=mlb&t=win&o=e
