play_id,qtr,time,posteam,defteam,down,ydstogo,yardline_100,score_differential,play_type,desc,epa,wpa,wp
40,1,15:00,SEA,NE,,0,35,0,kickoff,"36-A.Borregales kicks 65 yards from NE 35 to end zone, Touchback to the SEA 35.",0.5022,0.01545,0.4332
57,1,15:00,SEA,NE,1,10,65,0,run,(15:00) 9-K.Walker left end pushed ob at SEA 45 for 10 yards (7-C.Davis).,0.8521,0.01377,0.4487
84,1,14:29,SEA,NE,1,10,55,0,run,(14:29) 9-K.Walker right tackle to SEA 45 for no gain (90-C.Barmore).,-0.5092,-0.01817,0.4624
106,1,13:50,SEA,NE,2,10,55,0,pass,(13:50) (Shotgun) 14-S.Darnold pass short left to 88-A.Barner to NE 40 for 15 yards (31-C.Woodson).,1.6488,0.06794,0.4443
131,1,13:25,SEA,NE,1,10,40,0,pass,(13:25) (No Huddle) 14-S.Darnold pass deep left to 10-C.Kupp pushed ob at NE 17 for 23 yards (25-M.Jones).,1.5492,0.04788,0.5122
161,1,12:58,SEA,NE,1,10,17,0,pass,"(12:58) (No Huddle, Shotgun) 14-S.Darnold pass incomplete deep left.",-0.4883,-0.01539,0.5601
184,1,12:51,SEA,NE,2,10,17,0,run,(12:51) 9-K.Walker right tackle to NE 14 for 3 yards (33-A.Jennings).,-0.5132,-0.01197,0.5447
206,1,12:06,SEA,NE,3,7,14,0,pass,(12:06) (Shotgun) 14-S.Darnold pass incomplete short left to 22-R.Shaheed.,-1.0188,-0.04717,0.5327
229,1,12:02,SEA,NE,4,7,14,0,field_goal,"(12:02) 5-J.Myers 33 yard field goal is GOOD, Center-41-C.Stoll, Holder-4-M.Dickson.",0.207,-0.00177,0.4856
249,1,11:58,NE,SEA,,0,35,-3,kickoff,5-J.Myers kicks 65 yards from SEA 35 to NE 0. 34-D.Johnson to NE 28 for 28 yards (83-D.Young).,0.12,0.0069,0.5162
279,1,11:52,NE,SEA,1,10,72,-3,run,(11:52) 38-R.Stevenson up the middle to NE 34 for 6 yards (13-E.Jones).,0.2763,0.00869,0.5231
301,1,11:21,NE,SEA,2,4,66,-3,run,(11:21) 38-R.Stevenson up the middle to NE 36 for 2 yards (13-E.Jones; 42-D.Thomas).,-0.3697,-0.00715,0.5318
323,1,10:40,NE,SEA,3,2,64,-3,pass,(10:40) (Shotgun) 10-D.Maye pass short left to 38-R.Stevenson ran ob at NE 43 for 7 yards (42-D.Thomas) [7-U.Nwosu].,1.1477,0.02436,0.5247
353,1,10:04,NE,SEA,1,10,57,-3,pass,(10:04) 10-D.Maye pass short left to 3-D.Douglas to SEA 49 for 8 yards (13-E.Jones).,0.5783,0.01424,0.549
378,1,09:28,NE,SEA,2,2,49,-3,run,(9:28) 38-R.Stevenson right tackle to SEA 45 for 4 yards (8-C.Bryant).,0.245,0.00916,0.5633
400,1,08:51,NE,SEA,1,10,45,-3,pass,(8:51) (Shotgun) 10-D.Maye sacked at NE 45 for -10 yards (58-D.Hall).,-1.5211,-0.04921,0.5724
420,1,08:09,NE,SEA,2,20,55,-3,run,(8:09) (Shotgun) 10-D.Maye scrambles right tackle to SEA 44 for 11 yards (3-N.Emmanwori).,0.1123,0.02448,0.5232
442,1,07:23,NE,SEA,3,9,44,-3,pass,(7:23) (Shotgun) 10-D.Maye pass incomplete deep right [21-D.Witherspoon].,-1.7655,-0.02387,0.5477
465,1,07:18,NE,SEA,4,9,44,-3,punt,"(7:18) 17-B.Baringer punts 34 yards to SEA 10, Center-47-J.Ashby, fair catch by 22-R.Shaheed.",0.4901,-0.04758,0.5238
485,1,07:11,SEA,NE,1,10,90,3,pass,(7:11) (Shotgun) 14-S.Darnold pass incomplete short left to 11-J.Smith-Njigba (31-C.Woodson) [33-A.Jennings].,-0.5386,-0.02022,0.5238
515,1,07:06,SEA,NE,2,10,90,3,pass,(7:06) (Shotgun) 14-S.Darnold pass short left to 11-J.Smith-Njigba to SEA 14 for 4 yards (7-C.Davis).,-0.3715,-0.00182,0.5035
540,1,06:22,SEA,NE,3,6,86,3,pass,(6:22) (Shotgun) 14-S.Darnold pass incomplete deep left to 11-J.Smith-Njigba [21-J.Hawkins].,-1.2388,-0.03514,0.5017
563,1,06:15,SEA,NE,4,6,86,3,punt,"(6:15) 4-M.Dickson punts 50 yards to NE 36, Center-41-C.Stoll, fair catch by 25-M.Jones.",0.7395,-0.00722,0.4666
583,1,06:07,NE,SEA,1,10,64,-3,pass,(6:07) 74-T.Munford reported in as eligible. 10-D.Maye pass deep left to 9-K.Boutte to SEA 43 for 21 yards (20-J.Love).,1.2767,0.05522,0.5407
617,1,05:33,NE,SEA,1,10,43,-3,run,(5:33) (Shotgun) 32-T.Henderson up the middle to SEA 46 for -3 yards (13-E.Jones).,-0.9973,-0.04818,0.5959
639,1,04:53,NE,SEA,2,13,46,-3,pass,(4:53) (Shotgun) 10-D.Maye pass short left to 32-T.Henderson to SEA 48 for -2 yards (29-J.Jobe).,-1.1634,-0.03583,0.5477
664,1,04:15,NE,SEA,3,15,48,-3,pass,(4:15) (Shotgun) 10-D.Maye sacked at NE 42 for -10 yards (21-D.Witherspoon).,-1.5874,-0.03923,0.5119
684,1,03:39,NE,SEA,4,25,58,-3,punt,"(3:39) 17-B.Baringer punts 51 yards to SEA 7, Center-47-J.Ashby. 22-R.Shaheed to SEA 13 for 6 yards (24-D.Pettus).",0.8674,-0.00832,0.4726
710,1,03:29,SEA,NE,1,10,87,3,run,(3:29) 9-K.Walker right tackle to SEA 15 for 2 yards (90-C.Barmore; 51-J.Gibbens).,-0.4768,-0.01313,0.5357
739,1,02:51,SEA,NE,2,8,85,3,run,(2:51) 9-K.Walker left tackle to SEA 16 for 1 yard (90-C.Barmore).,-0.4873,-0.02095,0.5225
761,1,02:07,SEA,NE,3,7,84,3,pass,(2:07) (Shotgun) 14-S.Darnold pass short right to 88-A.Barner to SEA 28 for 12 yards (25-M.Jones).,1.976,0.05552,0.5016
786,1,01:25,SEA,NE,1,10,72,3,run,(1:25) 22-R.Shaheed left end to SEA 23 for -5 yards (31-C.Woodson).,-1.2805,-0.03637,0.5571
808,1,00:40,SEA,NE,2,15,77,3,pass,(:40) (Shotgun) 14-S.Darnold pass incomplete short left to 11-J.Smith-Njigba (33-A.Jennings).,-0.81,-0.02352,0.5207
831,1,00:37,SEA,NE,3,15,77,3,pass,(:37) (Shotgun) 14-S.Darnold pass incomplete deep left to 11-J.Smith-Njigba.,-0.9722,-0.03899,0.4972
854,1,00:32,SEA,NE,4,15,77,3,punt,"(:32) 4-M.Dickson punts 45 yards to NE 32, Center-41-C.Stoll. 25-M.Jones to NE 32 for no gain (42-D.Thomas).",0.6488,0.0207,0.4582
880,1,00:19,NE,SEA,1,10,68,-3,run,(:19) 38-R.Stevenson right tackle to NE 37 for 5 yards (90-J.Reed; 42-D.Thomas).,-0.0065,0.00382,0.5211
922,2,15:00,NE,SEA,2,5,63,-3,pass,(15:00) (Shotgun) 10-D.Maye pass incomplete short middle to 85-H.Henry.,-0.8583,-0.03351,0.5249
950,2,14:55,NE,SEA,3,5,63,-3,run,(14:55) (Shotgun) 38-R.Stevenson up the middle to NE 37 for no gain (90-J.Reed; 99-L.Williams).,-1.3664,-0.02697,0.4914
972,2,14:18,NE,SEA,4,5,63,-3,punt,"(14:18) 17-B.Baringer punts 39 yards to SEA 24, Center-47-J.Ashby, fair catch by 22-R.Shaheed.",0.1514,-0.01663,0.4644
992,2,14:10,SEA,NE,1,10,76,3,pass,(14:10) (Shotgun) 14-S.Darnold pass incomplete deep middle to 22-R.Shaheed (0-C.Gonzalez).,-0.5578,-0.0182,0.5522
1015,2,14:04,SEA,NE,2,10,76,3,run,(14:04) (Shotgun) 9-K.Walker left end pushed ob at NE 46 for 30 yards (25-M.Jones).,2.6196,0.07742,0.534
1042,2,13:37,SEA,NE,1,10,46,3,pass,"(13:37) (No Huddle, Shotgun) 14-S.Darnold pass incomplete short middle to 11-J.Smith-Njigba (97-M.Williams).",-0.5052,-0.01756,0.6114
1065,2,13:34,SEA,NE,2,10,46,3,run,(13:34) 9-K.Walker right guard pushed ob at NE 17 for 29 yards (0-C.Gonzalez).,2.5141,0.05566,0.5939
1092,2,12:52,SEA,NE,1,10,17,3,run,(12:52) 9-K.Walker right end to NE 19 for -2 yards (31-C.Woodson).,-1.0224,-0.02517,0.6495
1114,2,12:09,SEA,NE,2,12,19,3,pass,(12:09) (Shotgun) 14-S.Darnold pass incomplete short middle to 10-C.Kupp [44-K.Chaisson].,-0.6294,-0.01148,0.6244
1137,2,12:04,SEA,NE,3,12,19,3,run,(12:04) (Shotgun) 9-K.Walker left end to NE 21 for -2 yards (31-C.Woodson).,-0.6763,-0.05451,0.6129
1159,2,11:20,SEA,NE,4,14,21,3,field_goal,"(11:20) 5-J.Myers 39 yard field goal is GOOD, Center-41-C.Stoll, Holder-4-M.Dickson.",0.5797,0.04776,0.5584
1184,2,11:16,NE,SEA,,0,35,-6,kickoff,"5-J.Myers kicks 65 yards from SEA 35 to end zone, Touchback to the NE 35. ** Injury Update: SEA-39-T.Okada has returned to the game.",0.5003,0.02251,0.3939
1213,2,11:16,NE,SEA,1,10,65,-6,run,(11:16) 32-T.Henderson right tackle to NE 38 for 3 yards (13-E.Jones).,-0.2005,-0.00448,0.4164
1238,2,10:44,NE,SEA,2,7,62,-6,pass,(10:44) (Shotgun) 10-D.Maye sacked at NE 28 for -10 yards (98-R.Mills).,-1.7817,-0.06821,0.4119
1258,2,10:03,NE,SEA,3,17,72,-6,pass,(10:03) (Shotgun) 10-D.Maye pass short left to 8-S.Diggs pushed ob at NE 33 for 5 yards (27-T.Woolen).,-0.6008,0.00086,0.3437
1283,2,09:23,NE,SEA,4,12,67,-6,punt,"(9:23) 17-B.Baringer punts 38 yards to SEA 29, Center-47-J.Ashby, fair catch by 22-R.Shaheed. ** Injury Update: NE-48-J.Tavai has returned to the game.",-0.1469,-0.02804,0.3445
1303,2,09:16,SEA,NE,1,10,71,6,run,(9:16) 9-K.Walker right end pushed ob at SEA 38 for 9 yards (0-C.Gonzalez).,0.7709,0.02798,0.6835
1340,2,08:41,SEA,NE,2,1,62,6,run,(8:41) 9-K.Walker right guard to SEA 40 for 2 yards (51-J.Gibbens).,-0.058,0.00753,0.7115
1362,2,07:56,SEA,NE,1,10,60,6,pass,(7:56) 14-S.Darnold pass incomplete short left to 9-K.Walker.,-0.3962,-0.01505,0.719
1385,2,07:51,SEA,NE,2,10,60,6,pass,(7:51) (Shotgun) 14-S.Darnold pass short right to 10-C.Kupp to SEA 47 for 7 yards (25-M.Jones).,0.1867,0.00527,0.704
1410,2,07:12,SEA,NE,3,3,53,6,pass,(7:12) (Shotgun) 14-S.Darnold pass short right to 9-K.Walker to NE 47 for 6 yards (7-C.Davis; 24-D.Pettus).,1.1066,0.02433,0.7092
1440,2,06:29,SEA,NE,1,10,47,6,run,(6:29) 9-K.Walker up the middle to NE 43 for 4 yards (53-C.Elliss; 14-R.Spillane).,-0.2024,-0.00039,0.7336
1462,2,05:50,SEA,NE,2,6,43,6,run,(5:50) 36-G.Holani right tackle to NE 42 for 1 yard (33-A.Jennings; 94-C.Durden).,-0.4212,-0.00968,0.7332
1484,2,05:09,SEA,NE,3,5,42,6,pass,(5:09) (Shotgun) 14-S.Darnold pass incomplete short left to 9-K.Walker.,-1.6266,-0.03849,0.7235
1514,2,05:05,SEA,NE,4,5,42,6,punt,"(5:05) 4-M.Dickson punts 40 yards to NE 2, Center-41-C.Stoll, downed by SEA-32-V.Jones.",-0.0877,-0.04011,0.685
1533,2,04:58,NE,SEA,1,10,98,-6,run,(4:58) 38-R.Stevenson right end to NE 5 for 3 yards (29-J.Jobe).,-0.0259,-0.01167,0.3551
1566,2,04:21,NE,SEA,2,7,95,-6,pass,(4:21) (Shotgun) 10-D.Maye pass incomplete short middle to 13-M.Hollins.,-0.4874,-0.02849,0.3434
1596,2,04:19,NE,SEA,3,7,95,-6,pass,(4:19) (Shotgun) 10-D.Maye pass short right to 3-D.Douglas to NE 14 for 9 yards (29-J.Jobe).,1.3934,0.05837,0.3149
1621,2,03:46,NE,SEA,1,10,86,-6,run,(3:46) 38-R.Stevenson right end pushed ob at NE 17 for 3 yards (29-J.Jobe).,-0.3549,-0.01191,0.3733
1648,2,03:14,NE,SEA,2,7,83,-6,pass,(3:14) 10-D.Maye pass incomplete short right.,-0.5195,-0.02923,0.3614
1695,2,03:09,NE,SEA,3,12,88,-6,pass,(3:09) (Shotgun) 10-D.Maye pass incomplete deep right to 13-M.Hollins.,-0.656,-0.02457,0.3051
1718,2,03:03,NE,SEA,4,12,88,-6,punt,"(3:03) 17-B.Baringer punts 55 yards to SEA 33, Center-47-J.Ashby. 22-R.Shaheed to SEA 43 for 10 yards (91-E.Ponder).",-0.1275,-0.02174,0.2805
1744,2,02:50,SEA,NE,1,10,57,6,pass,(2:50) 14-S.Darnold pass short middle to 10-C.Kupp to 50 for 7 yards (21-J.Hawkins) [2-H.Landry].,0.4531,0.0125,0.7412
1776,2,02:11,SEA,NE,2,3,50,6,run,(2:11) 9-K.Walker right tackle to NE 43 for 7 yards (14-R.Spillane; 31-C.Woodson).,0.3551,0.01564,0.7537
1798,2,02:00,SEA,NE,1,10,43,6,run,(2:00) (Shotgun) 9-K.Walker left end to NE 42 for 1 yard (31-C.Woodson).,-0.4008,-0.0013,0.7693
1827,2,01:17,SEA,NE,2,9,42,6,pass,(1:17) (Shotgun) 14-S.Darnold pass short middle to 36-G.Holani to NE 35 for 7 yards (53-C.Elliss).,0.368,0.00819,0.768
1852,2,00:39,SEA,NE,3,2,35,6,run,(:39) (Shotgun) 36-G.Holani left guard to NE 30 for 5 yards (31-C.Woodson).,0.5909,0.01866,0.7762
1874,2,00:32,SEA,NE,1,10,30,6,pass,(:32) (Shotgun) 14-S.Darnold pass short right to 10-C.Kupp to NE 23 for 7 yards (7-C.Davis).,0.1366,0.0139,0.7949
1906,2,00:23,SEA,NE,2,3,23,6,pass,"(:23) (Shotgun) 14-S.Darnold pass incomplete short right to 10-C.Kupp. The Replay Official reviewed the incomplete pass ruling, and the play was Upheld. The ruling on the field stands.",-0.2605,-0.00078,0.8088
1948,2,00:20,SEA,NE,3,3,23,6,pass,(:20) (Shotgun) 14-S.Darnold pass incomplete deep middle to 11-J.Smith-Njigba (0-C.Gonzalez).,-0.4127,-0.01599,0.808
2018,2,00:16,SEA,NE,4,3,23,6,field_goal,"(:16) 5-J.Myers 41 yard field goal is GOOD, Center-41-C.Stoll, Holder-4-M.Dickson.",0.5111,-0.04287,0.792
2038,2,00:11,NE,SEA,,0,35,-9,kickoff,5-J.Myers kicks 61 yards from SEA 35 to NE 4. 34-D.Johnson to NE 29 for 25 yards (38-B.Russell; 52-P.O'Connell).,-0.0449,0.00523,0.2508
2103,3,15:00,NE,SEA,,0,35,-9,kickoff,5-J.Myers kicks 55 yards from SEA 35 to NE 10. 34-D.Johnson to NE 32 for 22 yards (38-B.Russell; 19-J.Bobo).,0.5205,0.0045,0.2313
2126,3,14:54,NE,SEA,1,10,68,-9,pass,(14:54) (Shotgun) 10-D.Maye pass incomplete deep left to 3-D.Douglas.,-0.5401,-0.01378,0.2358
2149,3,14:49,NE,SEA,2,10,68,-9,run,(14:49) (Shotgun) 32-T.Henderson left end ran ob at NE 39 for 7 yards (8-C.Bryant).,0.0529,0.01617,0.222
2176,3,14:13,NE,SEA,3,3,61,-9,pass,(14:13) (Shotgun) 10-D.Maye pass incomplete short left to 9-K.Boutte (29-J.Jobe).,-1.7112,-0.03688,0.2382
2199,3,14:08,NE,SEA,4,3,61,-9,punt,"(14:08) 17-B.Baringer punts 52 yards to SEA 9, Center-47-J.Ashby, fair catch by 22-R.Shaheed.",1.1582,0.01006,0.2013
2219,3,14:02,SEA,NE,1,10,91,9,run,(14:02) 9-K.Walker right end to SEA 11 for 2 yards (51-J.Gibbens).,-0.4711,-0.01366,0.7886
2246,3,13:21,SEA,NE,2,8,89,9,pass,(13:21) (Shotgun) 14-S.Darnold pass short middle to 22-R.Shaheed to SEA 27 for 16 yards (7-C.Davis) [53-C.Elliss].,1.7066,0.03001,0.775
2271,3,12:37,SEA,NE,1,10,73,9,pass,(12:37) (Shotgun) 14-S.Darnold pass short middle to 11-J.Smith-Njigba to SEA 43 for 16 yards (21-J.Hawkins).,1.094,0.03544,0.805
2296,3,12:11,SEA,NE,1,10,57,9,run,(12:11) (No Huddle) 14-S.Darnold scrambles right tackle to NE 46 for 11 yards (14-R.Spillane).,0.733,0.01666,0.8404
2318,3,11:30,SEA,NE,1,10,46,9,run,(11:30) 9-K.Walker right tackle to NE 43 for 3 yards (31-C.Woodson; 14-R.Spillane).,-0.4063,0.004,0.8571
2340,3,10:47,SEA,NE,2,7,43,9,pass,(10:47) (Shotgun) 14-S.Darnold pass short right to 9-K.Walker pushed ob at NE 23 for 20 yards (25-M.Jones).,1.981,0.03084,0.8611
2370,3,10:05,SEA,NE,1,10,23,9,run,(10:05) 9-K.Walker right end pushed ob at NE 22 for 1 yard (31-C.Woodson).,-0.5634,-0.00481,0.8919
2397,3,09:23,SEA,NE,2,9,22,9,pass,(9:23) (Shotgun) 14-S.Darnold pass incomplete short right to 10-C.Kupp.,-0.5869,-0.01027,0.8871
2427,3,09:20,SEA,NE,3,9,22,9,pass,(9:20) (Shotgun) 14-S.Darnold pass incomplete short right to 10-C.Kupp.,-0.7984,-0.00906,0.8768
2450,3,09:17,SEA,NE,4,9,22,9,field_goal,"(9:17) 5-J.Myers 41 yard field goal is GOOD, Center-41-C.Stoll, Holder-4-M.Dickson.",0.5621,-0.03519,0.8678
2470,3,09:12,NE,SEA,,0,35,-12,kickoff,5-J.Myers kicks 61 yards from SEA 35 to NE 4. 34-D.Johnson to NE 32 for 28 yards (48-T.Knight).,0.5107,0.00458,0.1674
2500,3,09:07,NE,SEA,1,10,68,-12,run,(9:07) 32-T.Henderson left end to NE 41 for 9 yards (8-C.Bryant; 20-J.Love).,0.7037,0.02039,0.172
2522,3,08:30,NE,SEA,2,1,59,-12,run,(8:30) 32-T.Henderson up the middle to NE 41 for no gain (42-D.Thomas; 0-D.Lawrence).,-0.5662,-0.01604,0.1924
2544,3,07:46,NE,SEA,3,1,59,-12,pass,(7:46) (Shotgun) 10-D.Maye pass incomplete deep left to 3-D.Douglas.,-1.6506,-0.03783,0.1763
2567,3,07:41,NE,SEA,4,1,59,-12,punt,"(7:41) 17-B.Baringer punts 41 yards to SEA 18, Center-47-J.Ashby, fair catch by 22-R.Shaheed.",-0.1715,0.00099,0.1385
2587,3,07:34,SEA,NE,1,10,82,12,pass,(7:34) 14-S.Darnold sacked at SEA 10 for -8 yards (97-M.Williams).,-1.4338,-0.01494,0.8605
2619,3,06:50,SEA,NE,2,18,90,12,pass,(6:50) (Shotgun) 14-S.Darnold pass short left to 11-J.Smith-Njigba to SEA 14 for 4 yards (25-M.Jones).,-0.4959,-0.00787,0.8456
2644,3,06:06,SEA,NE,3,14,86,12,run,(6:06) (Shotgun) 9-K.Walker right guard to SEA 20 for 6 yards (48-J.Tavai; 53-C.Elliss).,-0.3988,-0.00257,0.8377
2666,3,05:24,SEA,NE,4,8,80,12,punt,"(5:24) 4-M.Dickson punts 47 yards to NE 33, Center-41-C.Stoll. 25-M.Jones pushed ob at SEA 48 for 19 yards (4-M.Dickson). ** Injury Update: SEA-48-T.Knight has returned to the game. PENALTY on NE-24-D.Pettus, Illegal Block Above the Waist, 10 yards, enforced at NE 37.",1.0874,0.03533,0.8351
2708,3,05:10,NE,SEA,1,10,73,-12,pass,(5:10) (Shotgun) 10-D.Maye sacked at NE 25 for -2 yards (91-B.Murphy).,-0.9844,-0.01084,0.1295
2738,3,04:30,NE,SEA,2,12,75,-12,pass,(4:30) (Shotgun) 10-D.Maye pass short right to 13-M.Hollins to NE 33 for 8 yards (13-E.Jones).,0.4303,0.01259,0.1187
2763,3,03:49,NE,SEA,3,4,67,-12,pass,(3:49) (Shotgun) 10-D.Maye pass incomplete short middle to 9-K.Boutte.,-1.5535,-0.03263,0.1313
2786,3,03:45,NE,SEA,4,4,67,-12,punt,"(3:45) 17-B.Baringer punts 46 yards to SEA 21, Center-47-J.Ashby, fair catch by 22-R.Shaheed.",0.6684,0.01273,0.0987
2806,3,03:38,SEA,NE,1,10,79,12,run,"(3:38) 9-K.Walker up the middle to SEA 19 for -2 yards (33-A.Jennings, 93-L.Taylor).",-0.8834,0.00657,0.8886
2835,3,02:53,SEA,NE,2,12,81,12,pass,(2:53) (Shotgun) 14-S.Darnold pass incomplete short middle to 10-C.Kupp (0-C.Gonzalez).,-0.8149,-0.00713,0.8952
2858,3,02:48,SEA,NE,3,12,81,12,pass,(2:48) (Shotgun) 14-S.Darnold pass short middle to 10-C.Kupp to SEA 27 for 8 yards (21-J.Hawkins).,-0.1091,-0.00534,0.8881
2883,3,02:08,SEA,NE,4,4,73,12,punt,"(2:08) 4-M.Dickson punts 46 yards to NE 27, Center-41-C.Stoll, downed by SEA-28-N.Pritchett.",0.3823,0.00536,0.8827
2907,3,01:55,NE,SEA,1,10,73,-12,run,(1:55) (Shotgun) 32-T.Henderson up the middle to NE 30 for 3 yards (0-D.Lawrence).,-0.2976,0.00911,0.1119
2935,3,01:23,NE,SEA,2,7,70,-12,run,"(1:23) (Shotgun) 10-D.Maye scrambles right tackle pushed ob at NE 35 for 5 yards (13-E.Jones). PENALTY on SEA-21-D.Witherspoon, Defensive Holding, 5 yards, enforced at NE 35.",1.0797,0.01985,0.121
2973,3,00:58,NE,SEA,1,10,60,-12,pass,(:58) 10-D.Maye pass incomplete short right to 85-H.Henry (0-D.Lawrence) [0-D.Lawrence].,-0.4848,-0.0158,0.1409
2996,3,00:52,NE,SEA,2,10,60,-12,pass,(:52) (Shotgun) 10-D.Maye pass short right to 32-T.Henderson pushed ob at NE 44 for 4 yards (3-N.Emmanwori).,-0.4349,-0.00551,0.1251
3021,3,00:16,NE,SEA,3,6,56,-12,pass,"(:16) (Shotgun) 10-D.Maye sacked at NE 37 for -7 yards (58-D.Hall). FUMBLES (58-D.Hall) [58-D.Hall], RECOVERED by SEA-91-B.Murphy at NE 37.",-4.3747,-0.05476,0.1196
3051,3,00:10,SEA,NE,1,10,37,12,pass,(:10) 14-S.Darnold pass short right to 88-A.Barner to NE 26 for 11 yards (33-A.Jennings).,0.8499,0.00771,0.9352
3096,4,15:00,SEA,NE,1,10,26,12,run,(15:00) 9-K.Walker right tackle to NE 25 for 1 yard (51-J.Gibbens).,-0.488,-0.0082,0.9429
3118,4,14:20,SEA,NE,2,9,25,12,pass,(14:20) 14-S.Darnold pass incomplete deep right to 10-C.Kupp (31-C.Woodson).,-0.5925,-0.00718,0.9347
3141,4,14:14,SEA,NE,3,9,25,12,pass,(14:14) (Shotgun) 14-S.Darnold pass short left to 10-C.Kupp to NE 16 for 9 yards (0-C.Gonzalez).,1.6771,0.02173,0.9275
3166,4,13:29,SEA,NE,1,10,16,12,pass,"(13:29) 14-S.Darnold pass deep right to 88-A.Barner for 16 yards, TOUCHDOWN.",2.3584,0.02669,0.9493
3187,4,13:24,SEA,NE,,0,15,18,extra_point,"5-J.Myers extra point is GOOD, Center-41-C.Stoll, Holder-4-M.Dickson.",0.0676,-0.0,0.976
3202,4,13:24,NE,SEA,,0,35,-19,kickoff,"5-J.Myers kicks 65 yards from SEA 35 to end zone, Touchback to the NE 35.",0.503,0.00469,0.024
3226,4,13:24,NE,SEA,1,10,65,-19,run,(13:24) (Shotgun) 10-D.Maye scrambles right end ran ob at NE 41 for 6 yards (42-D.Thomas).,0.3994,-0.00365,0.0287
3253,4,12:56,NE,SEA,2,4,59,-19,pass,(12:56) (Shotgun) 10-D.Maye pass deep middle to 13-M.Hollins to SEA 35 for 24 yards (27-T.Woolen) [53-B.Mafe].,1.5526,0.00424,0.0251
3278,4,12:33,NE,SEA,1,10,35,-19,pass,"(12:33) (No Huddle, Shotgun) 10-D.Maye pass deep left to 13-M.Hollins for 35 yards, TOUCHDOWN.",3.3819,0.01843,0.0293
3299,4,12:27,NE,SEA,,0,15,-13,extra_point,"36-A.Borregales extra point is GOOD, Center-47-J.Ashby, Holder-17-B.Baringer.",0.0676,0.00108,0.0478
3314,4,12:27,SEA,NE,,0,35,12,kickoff,36-A.Borregales kicks 54 yards from NE 35 to SEA 11. 22-R.Shaheed to SEA 31 for 20 yards (49-C.Muma).,0.3341,0.0011,0.9512
3344,4,12:22,SEA,NE,1,10,69,12,pass,(12:22) 14-S.Darnold pass short right to 22-R.Shaheed pushed ob at SEA 42 for 11 yards (0-C.Gonzalez).,0.7502,-0.00071,0.9523
3374,4,11:41,SEA,NE,1,10,58,12,run,(11:41) 9-K.Walker up the middle to SEA 41 for -1 yards (44-K.Chaisson). ** Injury Update: SEA-11-J.Smith-Njigba has returned to the game.,-0.7594,-0.00835,0.9515
3396,4,11:04,SEA,NE,2,11,59,12,pass,(11:04) (Shotgun) 14-S.Darnold pass incomplete short right.,-0.8172,-0.00302,0.9432
3422,4,11:00,SEA,NE,3,11,59,12,pass,(11:00) (Shotgun) 14-S.Darnold pass incomplete deep right to 22-R.Shaheed.,-1.1426,-0.01449,0.9402
3445,4,10:55,SEA,NE,4,11,59,12,punt,"(10:55) 4-M.Dickson punts 55 yards to NE 4, Center-41-C.Stoll, downed by SEA-32-V.Jones.",1.0855,0.02261,0.9257
3465,4,10:40,NE,SEA,1,10,96,-12,pass,(10:40) (Shotgun) 10-D.Maye pass incomplete deep left to 81-A.Hooper.,-0.5416,-0.0112,0.0517
3488,4,10:35,NE,SEA,2,10,96,-12,pass,(10:35) (Shotgun) 10-D.Maye pass short left to 38-R.Stevenson ran ob at NE 17 for 13 yards (29-J.Jobe).,1.3612,0.01646,0.0405
3518,4,10:11,NE,SEA,1,10,83,-12,pass,"(10:11) (No Huddle, Shotgun) 10-D.Maye pass incomplete deep left to 13-M.Hollins (8-C.Bryant).",-0.541,-0.00718,0.057
3541,4,10:02,NE,SEA,2,10,83,-12,pass,(10:02) (Shotgun) 10-D.Maye pass short left to 85-H.Henry to NE 21 for 4 yards (3-N.Emmanwori).,-0.3599,0.00054,0.0498
3566,4,09:35,NE,SEA,3,6,79,-12,run,"(9:35) (No Huddle, Shotgun) 10-D.Maye scrambles up the middle to NE 37 for 16 yards (27-T.Woolen).",2.0696,0.01469,0.0503
3588,4,09:07,NE,SEA,1,10,63,-12,pass,"(9:07) (No Huddle, Shotgun) 10-D.Maye pass short left to 18-K.Williams ran ob at NE 44 for 7 yards (29-J.Jobe).",0.4028,0.00515,0.065
3618,4,08:49,NE,SEA,2,3,56,-12,pass,"(8:49) (No Huddle, Shotgun) 10-D.Maye pass deep middle intended for 18-K.Williams INTERCEPTED by 20-J.Love at SEA 27. 20-J.Love pushed ob at NE 38 for 35 yards (32-T.Henderson).",-5.438,-0.04071,0.0702
3645,4,08:37,SEA,NE,1,10,38,12,run,(8:37) 9-K.Walker right end pushed ob at NE 24 for 14 yards (21-J.Hawkins).,0.9794,0.00061,0.9705
3672,4,07:59,SEA,NE,1,10,24,12,run,(7:59) 9-K.Walker right guard to NE 14 for 10 yards (31-C.Woodson; 21-J.Hawkins).,0.6225,0.01253,0.9712
3694,4,07:11,SEA,NE,1,10,14,12,run,(7:11) 9-K.Walker right end to NE 12 for 2 yards (2-H.Landry).,-0.4537,0.00184,0.9837
3716,4,06:28,SEA,NE,2,8,12,12,run,(6:28) 9-K.Walker right end to NE 11 for 1 yard (7-C.Davis).,-0.5768,0.0024,0.9855
3738,4,05:43,SEA,NE,3,7,11,12,pass,(5:43) (Shotgun) 14-S.Darnold pass short left to 11-J.Smith-Njigba to NE 8 for 3 yards (25-M.Jones).,-0.8039,-0.0039,0.9879
3763,4,05:38,SEA,NE,4,4,8,12,field_goal,"(5:38) 5-J.Myers 26 yard field goal is GOOD, Center-41-C.Stoll, Holder-4-M.Dickson.",0.0839,-0.00919,0.984
3790,4,05:35,NE,SEA,,0,35,-15,kickoff,5-J.Myers kicks 65 yards from SEA 35 to NE 0. 32-T.Henderson ran ob at NE 38 for 38 yards (5-J.Myers).,0.8324,0.00491,0.0252
3830,4,05:29,NE,SEA,1,10,62,-15,pass,(5:29) (Shotgun) 10-D.Maye sacked at NE 34 for -4 yards (91-B.Murphy).,-0.977,-0.00816,0.0301
3850,4,05:04,NE,SEA,2,14,66,-15,pass,"(5:04) (No Huddle, Shotgun) 10-D.Maye pass short right to 38-R.Stevenson ran ob at NE 40 for 6 yards (3-N.Emmanwori; 29-J.Jobe).",-0.0863,-0.00306,0.0219
3885,4,04:57,NE,SEA,3,8,60,-15,pass,(4:57) (Shotgun) 10-D.Maye pass short middle to 85-H.Henry to SEA 44 for 16 yards (13-E.Jones).,2.2641,0.01139,0.0188
3910,4,04:37,NE,SEA,1,10,44,-15,pass,"(4:37) (No Huddle, Shotgun) 10-D.Maye pass short middle intended for 9-K.Boutte INTERCEPTED by 7-U.Nwosu (21-D.Witherspoon) [21-D.Witherspoon] at NE 45. 7-U.Nwosu for 45 yards, TOUCHDOWN.",-9.8059,-0.02959,0.0302
3936,4,04:27,SEA,NE,,0,15,21,extra_point,"5-J.Myers extra point is GOOD, Center-41-C.Stoll, Holder-4-M.Dickson.",0.0676,6e-05,0.9994
3951,4,04:27,NE,SEA,,0,35,-22,kickoff,"5-J.Myers kicks 65 yards from SEA 35 to end zone, Touchback to the NE 35.",0.5561,-5e-05,0.0006
3982,4,04:27,NE,SEA,1,10,65,-22,pass,(4:27) (Shotgun) 10-D.Maye pass short middle to 3-D.Douglas to NE 46 for 11 yards (13-E.Jones).,0.6811,5e-05,0.0005
4007,4,04:08,NE,SEA,1,10,54,-22,pass,"(4:08) (No Huddle, Shotgun) 10-D.Maye pass short middle to 3-D.Douglas to SEA 46 for 8 yards (53-B.Mafe).",0.5403,-0.0,0.0006
4032,4,03:48,NE,SEA,2,2,46,-22,pass,"(3:48) (No Huddle, Shotgun) 10-D.Maye pass short left to 81-A.Hooper pushed ob at SEA 41 for 5 yards (21-D.Witherspoon).",0.146,3e-05,0.0006
4105,4,03:36,NE,SEA,1,20,51,-22,pass,(3:36) (Shotgun) 10-D.Maye pass short right to 38-R.Stevenson pushed ob at SEA 44 for 7 yards (21-D.Witherspoon).,-0.0964,-0.00013,0.0006
4130,4,03:28,NE,SEA,2,13,44,-22,pass,"(3:28) (No Huddle, Shotgun) 10-D.Maye pass short middle to 85-H.Henry to SEA 33 for 11 yards (21-D.Witherspoon).",1.023,0.0,0.0005
4155,4,02:58,NE,SEA,3,2,33,-22,pass,"(2:58) (No Huddle, Shotgun) 10-D.Maye pass deep middle to 8-S.Diggs to SEA 7 for 26 yards (8-C.Bryant).",2.1098,0.00071,0.0005
4180,4,02:32,NE,SEA,1,7,7,-22,pass,(2:32) (Shotgun) 10-D.Maye pass incomplete short left to 13-M.Hollins.,-0.5146,0.0003,0.0012
4210,4,02:28,NE,SEA,2,7,7,-22,pass,"(2:28) (Shotgun) 10-D.Maye pass short left to 38-R.Stevenson for 7 yards, TOUCHDOWN.",2.5583,-0.00027,0.0015
4231,4,02:21,NE,SEA,,0,2,-16,pass,TWO-POINT CONVERSION ATTEMPT. 10-D.Maye pass to 85-H.Henry is incomplete. ATTEMPT FAILS. SEA-8-C.Bryant was injured during the play.,-0.947,-0.00026,0.0012
4244,4,02:21,SEA,NE,,0,35,16,kickoff,36-A.Borregales kicks onside 11 yards from NE 35 to NE 46. 36-G.Holani (didn't try to advance) to NE 46 for no gain.,1.6347,0.0002,0.9991
4280,4,02:20,SEA,NE,1,10,46,16,run,(2:20) 9-K.Walker right end to NE 43 for 3 yards (33-A.Jennings).,-0.9518,-9e-05,0.9993
4302,4,02:14,SEA,NE,2,7,43,16,run,(2:14) 55-O.Oluwatimi and 74-J.Jones reported in as eligible. 14-S.Darnold right tackle to NE 49 for -6 yards (97-M.Williams).,-1.5226,-0.00061,0.9992
4376,4,02:01,SEA,NE,3,23,59,16,run,(2:01) 55-O.Oluwatimi and 74-J.Jones reported in as eligible. 9-K.Walker right guard to SEA 42 for 1 yard (33-A.Jennings; 95-K.Tonga).,-0.457,-5e-05,0.9984
4403,4,01:57,SEA,NE,4,22,58,16,punt,"(1:57) 4-M.Dickson punts 52 yards to NE 6, Center-41-C.Stoll, out of bounds.",-0.0923,0.00071,0.9984
4434,4,01:49,NE,SEA,1,10,94,-16,pass,(1:49) (Shotgun) 10-D.Maye pass short middle to 8-S.Diggs to NE 12 for 6 yards (13-E.Jones). ** Injury Update: SEA-8-C.Bryant has returned to the game.,-0.0467,-0.00026,0.0009
4459,4,01:30,NE,SEA,2,4,88,-16,pass,"(1:30) (No Huddle, Shotgun) 10-D.Maye pass short left to 81-A.Hooper to NE 17 for 5 yards (3-N.Emmanwori).",0.0668,0.00024,0.0007
4484,4,01:12,NE,SEA,1,10,83,-16,pass,"(1:12) (No Huddle, Shotgun) 10-D.Maye pass short left to 13-M.Hollins to NE 28 for 11 yards (27-T.Woolen).",0.1376,7e-05,0.0009
4578,4,00:39,NE,SEA,1,10,62,-16,pass,"(:39) (No Huddle, Shotgun) 10-D.Maye pass short middle to 3-D.Douglas to NE 47 for 9 yards (13-E.Jones).",0.0738,2e-05,0.0008
4603,4,00:20,NE,SEA,2,1,53,-16,pass,"(:20) (No Huddle, Shotgun) 10-D.Maye pass incomplete deep right to 9-K.Boutte.",-0.2421,1e-05,0.0008
4626,4,00:12,NE,SEA,3,1,53,-16,pass,"(:12) (No Huddle, Shotgun) 10-D.Maye pass short right to 32-T.Henderson to SEA 29 for 24 yards (20-J.Love).",-0.3331,-0.00086,0.0009
